  0
SECTION
  2
HEADER
  9
$ACADVER
  1
AC1032
  9
$ACADMAINTVER
 90
      228
  9
$DWGCODEPAGE
  3
ANSI_1252
  9
$LASTSAVEDBY
  1
bayro
  9
$REQUIREDVERSIONS
160
                 0
  9
$INSBASE
 10
0.0
 20
0.0
 30
0.0
  9
$EXTMIN
 10
20.32162157625135
 20
16.41219807248489
 30
-0.0000000000000485
  9
$EXTMAX
 10
275.354950740686
 20
252.9476548998609
 30
0.0
  9
$LIMMIN
 10
0.0
 20
0.0
  9
$LIMMAX
 10
420.0
 20
297.0
  9
$ORTHOMODE
 70
     0
  9
$REGENMODE
 70
     1
  9
$FILLMODE
 70
     1
  9
$QTEXTMODE
 70
     0
  9
$MIRRTEXT
 70
     0
  9
$LTSCALE
 40
1.0
  9
$ATTMODE
 70
     1
  9
$TEXTSIZE
 40
2.5
  9
$TRACEWID
 40
1.0
  9
$TEXTSTYLE
  7
Standard
  9
$CLAYER
  8
NOMENCLATURA
  9
$CELTYPE
  6
ByLayer
  9
$CECOLOR
 62
   256
  9
$CELTSCALE
 40
1.0
  9
$DISPSILH
 70
     0
  9
$DIMSCALE
 40
1.0
  9
$DIMASZ
 40
2.5
  9
$DIMEXO
 40
0.625
  9
$DIMDLI
 40
3.75
  9
$DIMRND
 40
0.0
  9
$DIMDLE
 40
0.0
  9
$DIMEXE
 40
1.25
  9
$DIMTP
 40
0.0
  9
$DIMTM
 40
0.0
  9
$DIMTXT
 40
2.5
  9
$DIMCEN
 40
2.5
  9
$DIMTSZ
 40
0.0
  9
$DIMTOL
 70
     0
  9
$DIMLIM
 70
     0
  9
$DIMTIH
 70
     0
  9
$DIMTOH
 70
     0
  9
$DIMSE1
 70
     0
  9
$DIMSE2
 70
     0
  9
$DIMTAD
 70
     1
  9
$DIMZIN
 70
     8
  9
$DIMBLK
  1

  9
$DIMASO
 70
     1
  9
$DIMSHO
 70
     1
  9
$DIMPOST
  1

  9
$DIMAPOST
  1

  9
$DIMALT
 70
     0
  9
$DIMALTD
 70
     3
  9
$DIMALTF
 40
0.03937007874016
  9
$DIMLFAC
 40
1.0
  9
$DIMTOFL
 70
     1
  9
$DIMTVP
 40
0.0
  9
$DIMTIX
 70
     0
  9
$DIMSOXD
 70
     0
  9
$DIMSAH
 70
     0
  9
$DIMBLK1
  1

  9
$DIMBLK2
  1

  9
$DIMSTYLE
  2
ISO-25
  9
$DIMCLRD
 70
     0
  9
$DIMCLRE
 70
     0
  9
$DIMCLRT
 70
     0
  9
$DIMTFAC
 40
1.0
  9
$DIMGAP
 40
0.625
  9
$DIMJUST
 70
     0
  9
$DIMSD1
 70
     0
  9
$DIMSD2
 70
     0
  9
$DIMTOLJ
 70
     0
  9
$DIMTZIN
 70
     8
  9
$DIMALTZ
 70
     0
  9
$DIMALTTZ
 70
     0
  9
$DIMUPT
 70
     0
  9
$DIMDEC
 70
     2
  9
$DIMTDEC
 70
     2
  9
$DIMALTU
 70
     2
  9
$DIMALTTD
 70
     3
  9
$DIMTXSTY
  7
Standard
  9
$DIMAUNIT
 70
     0
  9
$DIMADEC
 70
     0
  9
$DIMALTRND
 40
0.0
  9
$DIMAZIN
 70
     0
  9
$DIMDSEP
 70
    44
  9
$DIMATFIT
 70
     3
  9
$DIMFRAC
 70
     0
  9
$DIMLDRBLK
  1

  9
$DIMLUNIT
 70
     2
  9
$DIMLWD
 70
    -2
  9
$DIMLWE
 70
    -2
  9
$DIMTMOVE
 70
     0
  9
$DIMFXL
 40
1.0
  9
$DIMFXLON
 70
     0
  9
$DIMJOGANG
 40
0.7853981633974483
  9
$DIMTFILL
 70
     0
  9
$DIMTFILLCLR
 70
     0
  9
$DIMARCSYM
 70
     0
  9
$DIMLTYPE
  6

  9
$DIMLTEX1
  6

  9
$DIMLTEX2
  6

  9
$DIMTXTDIRECTION
 70
     0
  9
$LUNITS
 70
     2
  9
$LUPREC
 70
     2
  9
$SKETCHINC
 40
1.0
  9
$FILLETRAD
 40
0.0
  9
$AUNITS
 70
     0
  9
$AUPREC
 70
     0
  9
$MENU
  1
.
  9
$ELEVATION
 40
0.0
  9
$PELEVATION
 40
0.0
  9
$THICKNESS
 40
0.0
  9
$LIMCHECK
 70
     0
  9
$CHAMFERA
 40
0.0
  9
$CHAMFERB
 40
0.0
  9
$CHAMFERC
 40
0.0
  9
$CHAMFERD
 40
0.0
  9
$SKPOLY
 70
     0
  9
$TDCREATE
 40
2461265.493148148
  9
$TDUCREATE
 40
2461265.743148148
  9
$TDUPDATE
 40
2461265.498437500
  9
$TDUUPDATE
 40
2461265.748437500
  9
$TDINDWG
 40
0.0052893519
  9
$TDUSRTIMER
 40
0.0052893519
  9
$USRTIMER
 70
     1
  9
$ANGBASE
 50
0.0
  9
$ANGDIR
 70
     0
  9
$PDMODE
 70
     0
  9
$PDSIZE
 40
0.0
  9
$PLINEWID
 40
0.0
  9
$SPLFRAME
 70
     0
  9
$SPLINETYPE
 70
     6
  9
$SPLINESEGS
 70
     8
  9
$HANDSEED
  5
7F0
  9
$SURFTAB1
 70
     6
  9
$SURFTAB2
 70
     6
  9
$SURFTYPE
 70
     6
  9
$SURFU
 70
     6
  9
$SURFV
 70
     6
  9
$UCSBASE
  2

  9
$UCSNAME
  2

  9
$UCSORG
 10
0.0
 20
0.0
 30
0.0
  9
$UCSXDIR
 10
1.0
 20
0.0
 30
0.0
  9
$UCSYDIR
 10
0.0
 20
1.0
 30
0.0
  9
$UCSORTHOREF
  2

  9
$UCSORTHOVIEW
 70
     0
  9
$UCSORGTOP
 10
0.0
 20
0.0
 30
0.0
  9
$UCSORGBOTTOM
 10
0.0
 20
0.0
 30
0.0
  9
$UCSORGLEFT
 10
0.0
 20
0.0
 30
0.0
  9
$UCSORGRIGHT
 10
0.0
 20
0.0
 30
0.0
  9
$UCSORGFRONT
 10
0.0
 20
0.0
 30
0.0
  9
$UCSORGBACK
 10
0.0
 20
0.0
 30
0.0
  9
$PUCSBASE
  2

  9
$PUCSNAME
  2

  9
$PUCSORG
 10
0.0
 20
0.0
 30
0.0
  9
$PUCSXDIR
 10
1.0
 20
0.0
 30
0.0
  9
$PUCSYDIR
 10
0.0
 20
1.0
 30
0.0
  9
$PUCSORTHOREF
  2

  9
$PUCSORTHOVIEW
 70
     0
  9
$PUCSORGTOP
 10
0.0
 20
0.0
 30
0.0
  9
$PUCSORGBOTTOM
 10
0.0
 20
0.0
 30
0.0
  9
$PUCSORGLEFT
 10
0.0
 20
0.0
 30
0.0
  9
$PUCSORGRIGHT
 10
0.0
 20
0.0
 30
0.0
  9
$PUCSORGFRONT
 10
0.0
 20
0.0
 30
0.0
  9
$PUCSORGBACK
 10
0.0
 20
0.0
 30
0.0
  9
$USERI1
 70
     0
  9
$USERI2
 70
     0
  9
$USERI3
 70
     0
  9
$USERI4
 70
     0
  9
$USERI5
 70
     0
  9
$USERR1
 40
0.0
  9
$USERR2
 40
0.0
  9
$USERR3
 40
0.0
  9
$USERR4
 40
0.0
  9
$USERR5
 40
0.0
  9
$WORLDVIEW
 70
     1
  9
$SHADEDGE
 70
     3
  9
$SHADEDIF
 70
    70
  9
$TILEMODE
 70
     1
  9
$MAXACTVP
 70
    64
  9
$PINSBASE
 10
0.0
 20
0.0
 30
0.0
  9
$PLIMCHECK
 70
     0
  9
$PEXTMIN
 10
0.0
 20
0.0
 30
0.0
  9
$PEXTMAX
 10
0.0
 20
0.0
 30
0.0
  9
$PLIMMIN
 10
0.0
 20
0.0
  9
$PLIMMAX
 10
12.0
 20
9.0
  9
$UNITMODE
 70
     0
  9
$VISRETAIN
 70
     1
  9
$PLINEGEN
 70
     0
  9
$PSLTSCALE
 70
     1
  9
$TREEDEPTH
 70
  3020
  9
$CMLSTYLE
  2
Standard
  9
$CMLJUST
 70
     0
  9
$CMLSCALE
 40
20.0
  9
$PROXYGRAPHICS
 70
     1
  9
$MEASUREMENT
 70
     1
  9
$CELWEIGHT
370
    -1
  9
$ENDCAPS
280
     0
  9
$JOINSTYLE
280
     0
  9
$LWDISPLAY
290
     0
  9
$INSUNITS
 70
     6
  9
$HYPERLINKBASE
  1

  9
$STYLESHEET
  1

  9
$XEDIT
290
     1
  9
$CEPSNTYPE
380
     0
  9
$PSTYLEMODE
290
     1
  9
$FINGERPRINTGUID
  2
{D0A38A20-4F01-D741-90CA-5F5A618FEC0C}
  9
$VERSIONGUID
  2
{B2C6404B-CAC3-5346-ACD5-3AB853D183ED}
  9
$EXTNAMES
290
     1
  9
$PSVPSCALE
 40
0.0
  9
$OLESTARTUP
290
     0
  9
$SORTENTS
280
   127
  9
$INDEXCTL
280
     0
  9
$HIDETEXT
280
     1
  9
$XCLIPFRAME
280
     2
  9
$HALOGAP
280
     0
  9
$OBSCOLOR
 70
   257
  9
$OBSLTYPE
280
     0
  9
$INTERSECTIONDISPLAY
280
     0
  9
$INTERSECTIONCOLOR
 70
   257
  9
$DIMASSOC
280
     2
  9
$PROJECTNAME
  1

  9
$CAMERADISPLAY
290
     0
  9
$LENSLENGTH
 40
50.0
  9
$CAMERAHEIGHT
 40
0.0
  9
$STEPSPERSEC
 40
2.0
  9
$STEPSIZE
 40
6.0
  9
$3DDWFPREC
 40
2.0
  9
$PSOLWIDTH
 40
5.0
  9
$PSOLHEIGHT
 40
80.0
  9
$LOFTANG1
 40
1.570796326794896
  9
$LOFTANG2
 40
1.570796326794896
  9
$LOFTMAG1
 40
0.0
  9
$LOFTMAG2
 40
0.0
  9
$LOFTPARAM
 70
     7
  9
$LOFTNORMALS
280
     1
  9
$LATITUDE
 40
37.795
  9
$LONGITUDE
 40
-122.394
  9
$NORTHDIRECTION
 40
0.0
  9
$TIMEZONE
 70
 -8000
  9
$LIGHTGLYPHDISPLAY
280
     1
  9
$TILEMODELIGHTSYNCH
280
     1
  9
$CMATERIAL
347
EC
  9
$SOLIDHIST
280
     0
  9
$SHOWHIST
280
     1
  9
$DWFFRAME
280
     2
  9
$DGNFRAME
280
     0
  9
$REALWORLDSCALE
290
     1
  9
$INTERFERECOLOR
 62
     1
  9
$INTERFEREOBJVS
345
F9
  9
$INTERFEREVPVS
346
F6
  9
$CSHADOW
280
     0
  9
$SHADOWPLANELOCATION
 40
0.0
  0
ENDSEC
  0
SECTION
  2
CLASSES
  0
CLASS
  1
ACDBDICTIONARYWDFLT
  2
AcDbDictionaryWithDefault
  3
ObjectDBX Classes
 90
        0
 91
        1
280
     0
281
     0
  0
CLASS
  1
DICTIONARYVAR
  2
AcDbDictionaryVar
  3
ObjectDBX Classes
 90
        0
 91
       13
280
     0
281
     0
  0
CLASS
  1
TABLESTYLE
  2
AcDbTableStyle
  3
ObjectDBX Classes
 90
     4095
 91
        1
280
     0
281
     0
  0
CLASS
  1
MATERIAL
  2
AcDbMaterial
  3
ObjectDBX Classes
 90
     1153
 91
        3
280
     0
281
     0
  0
CLASS
  1
VISUALSTYLE
  2
AcDbVisualStyle
  3
ObjectDBX Classes
 90
     4095
 91
       24
280
     0
281
     0
  0
CLASS
  1
SCALE
  2
AcDbScale
  3
ObjectDBX Classes
 90
     1153
 91
       17
280
     0
281
     0
  0
CLASS
  1
MLEADERSTYLE
  2
AcDbMLeaderStyle
  3
ACDB_MLEADERSTYLE_CLASS
 90
     4095
 91
        2
280
     0
281
     0
  0
CLASS
  1
CELLSTYLEMAP
  2
AcDbCellStyleMap
  3
ObjectDBX Classes
 90
     1152
 91
        1
280
     0
281
     0
  0
CLASS
  1
EXACXREFPANELOBJECT
  2
ExAcXREFPanelObject
  3
EXAC_ESW
 90
     1025
 91
        0
280
     0
281
     0
  0
CLASS
  1
NPOCOLLECTION
  2
AcDbImpNonPersistentObjectsCollection
  3
ObjectDBX Classes
 90
     1153
 91
        0
280
     0
281
     0
  0
CLASS
  1
LAYER_INDEX
  2
AcDbLayerIndex
  3
ObjectDBX Classes
 90
        0
 91
        0
280
     0
281
     0
  0
CLASS
  1
SPATIAL_INDEX
  2
AcDbSpatialIndex
  3
ObjectDBX Classes
 90
        0
 91
        0
280
     0
281
     0
  0
CLASS
  1
IDBUFFER
  2
AcDbIdBuffer
  3
ObjectDBX Classes
 90
        0
 91
        0
280
     0
281
     0
  0
CLASS
  1
ACDBSECTIONVIEWSTYLE
  2
AcDbSectionViewStyle
  3
ObjectDBX Classes
 90
     1025
 91
        1
280
     0
281
     0
  0
CLASS
  1
ACDBDETAILVIEWSTYLE
  2
AcDbDetailViewStyle
  3
ObjectDBX Classes
 90
     1025
 91
        1
280
     0
281
     0
  0
CLASS
  1
SORTENTSTABLE
  2
AcDbSortentsTable
  3
ObjectDBX Classes
 90
        0
 91
        1
280
     0
281
     0
  0
ENDSEC
  0
SECTION
  2
TABLES
  0
TABLE
  2
VPORT
  5
8
330
0
100
AcDbSymbolTable
 70
     1
  0
VPORT
  5
EA
330
8
100
AcDbSymbolTableRecord
100
AcDbViewportTableRecord
  2
*Active
 70
     0
 10
0.0
 20
0.0
 11
1.0
 21
1.0
 12
300.7448729198659
 22
58.646925737749
 13
0.0
 23
0.0
 14
10.0
 24
10.0
 15
10.0
 25
10.0
 16
0.0
 26
0.0
 36
1.0
 17
0.0
 27
0.0
 37
0.0
 40
438.1766858478415
 41
2.41034103410341
 42
50.0
 43
0.0
 44
0.0
 50
0.0
 51
0.0
 71
     0
 72
  1000
 73
     1
 74
     3
 75
     0
 76
     1
 77
     0
 78
     0
281
     0
 65
     1
110
0.0
120
0.0
130
0.0
111
1.0
121
0.0
131
0.0
112
0.0
122
1.0
132
0.0
 79
     0
146
0.0
348
F5
 60
     3
 61
     5
292
     1
282
     1
141
0.0
142
0.0
 63
   250
421
  3355443
1001
ACAD_NAV_VCDISPLAY
1070
     3
  0
ENDTAB
  0
TABLE
  2
LTYPE
  5
5
330
0
100
AcDbSymbolTable
 70
     3
  0
LTYPE
  5
14
330
5
100
AcDbSymbolTableRecord
100
AcDbLinetypeTableRecord
  2
ByBlock
 70
     0
  3

 72
    65
 73
     0
 40
0.0
  0
LTYPE
  5
15
330
5
100
AcDbSymbolTableRecord
100
AcDbLinetypeTableRecord
  2
ByLayer
 70
     0
  3

 72
    65
 73
     0
 40
0.0
  0
LTYPE
  5
16
330
5
100
AcDbSymbolTableRecord
100
AcDbLinetypeTableRecord
  2
Continuous
 70
     0
  3
Solid line
 72
    65
 73
     0
 40
0.0
  0
LTYPE
  5
2C1
330
5
100
AcDbSymbolTableRecord
100
AcDbLinetypeTableRecord
  2
JIS_02_0.7
 70
     0
  3
HIDDEN0.75 _ _ _ _ _ _ _ _ _ _ _ _ _ _ _ _ _
 72
    65
 73
     2
 40
1.35
 49
0.75
 74
     0
 49
-0.6
 74
     0
  0
ENDTAB
  0
TABLE
  2
LAYER
  5
2
102
{ACAD_XDICTIONARY
360
1FF
102
}
330
0
100
AcDbSymbolTable
 70
     7
  0
LAYER
  5
10
102
{ACAD_XDICTIONARY
360
13C
102
}
330
2
100
AcDbSymbolTableRecord
100
AcDbLayerTableRecord
  2
0
 70
     0
 62
    -7
  6
Continuous
370
    -3
390
F
347
EE
348
0
  0
LAYER
  5
2C2
330
2
100
AcDbSymbolTableRecord
100
AcDbLayerTableRecord
  2
LOTES
 70
     0
 62
   250
  6
Continuous
370
     9
390
F
347
EE
348
0
1001
AcAecLayerStandard
1000

1000

1001
AcCmTransparency
1071
        0
  0
LAYER
  5
2C3
330
2
100
AcDbSymbolTableRecord
100
AcDbLayerTableRecord
  2
NOMENCLATURA
 70
     0
 62
    16
  6
Continuous
370
     5
390
F
347
EE
348
0
1001
AcAecLayerStandard
1000

1000

1001
AcCmTransparency
1071
        0
  0
LAYER
  5
2C4
330
2
100
AcDbSymbolTableRecord
100
AcDbLayerTableRecord
  2
LIMITE
 70
     0
 62
   250
  6
Continuous
370
     9
390
F
347
EE
348
0
1001
AcAecLayerStandard
1000

1000

1001
AcCmTransparency
1071
        0
  0
LAYER
  5
2C5
330
2
100
AcDbSymbolTableRecord
100
AcDbLayerTableRecord
  2
ACER
 70
     0
 62
   250
  6
Continuous
370
     9
390
F
347
EE
348
0
1001
AcAecLayerStandard
1000

1000

1001
AcCmTransparency
1071
        0
  0
LAYER
  5
2C6
330
2
100
AcDbSymbolTableRecord
100
AcDbLayerTableRecord
  2
CA 4
 70
     0
 62
   250
  6
Continuous
370
     5
390
F
347
EE
348
0
1001
AcAecLayerStandard
1000

1000

1001
AcCmTransparency
1071
        0
  0
LAYER
  5
2C7
330
2
100
AcDbSymbolTableRecord
100
AcDbLayerTableRecord
  2
DERECHO DE VIA
 70
     0
 62
   250
  6
JIS_02_0.7
370
     5
390
F
347
EE
348
0
1001
AcAecLayerStandard
1000

1000

1001
AcCmTransparency
1071
        0
  0
ENDTAB
  0
TABLE
  2
STYLE
  5
3
330
0
100
AcDbSymbolTable
 70
     2
  0
STYLE
  5
11
330
3
100
AcDbSymbolTableRecord
100
AcDbTextStyleTableRecord
  2
Standard
 70
     0
 40
0.0
 41
1.0
 50
0.0
 71
     0
 42
2.5
  3

  4

1001
ACAD
1000
Caviar Dreams
1071
       34
  0
STYLE
  5
132
330
3
100
AcDbSymbolTableRecord
100
AcDbTextStyleTableRecord
  2
Anotativo
 70
     0
 40
0.0
 41
1.0
 50
0.0
 71
     0
 42
2.5
  3
arial.ttf
  4

1001
AcadAnnotative
1000
AnnotativeData
1002
{
1070
     1
1070
     1
1002
}
1001
ACAD
1000
Arial
1071
       34
  0
ENDTAB
  0
TABLE
  2
VIEW
  5
6
330
0
100
AcDbSymbolTable
 70
     0
  0
ENDTAB
  0
TABLE
  2
UCS
  5
7
330
0
100
AcDbSymbolTable
 70
     0
  0
ENDTAB
  0
TABLE
  2
APPID
  5
9
330
0
100
AcDbSymbolTable
 70
    13
  0
APPID
  5
12
330
9
100
AcDbSymbolTableRecord
100
AcDbRegAppTableRecord
  2
ACAD
 70
     0
  0
APPID
  5
9E
330
9
100
AcDbSymbolTableRecord
100
AcDbRegAppTableRecord
  2
ACAD_PSEXT
 70
     0
  0
APPID
  5
133
330
9
100
AcDbSymbolTableRecord
100
AcDbRegAppTableRecord
  2
AcadAnnoPO
 70
     0
  0
APPID
  5
134
330
9
100
AcDbSymbolTableRecord
100
AcDbRegAppTableRecord
  2
AcadAnnotative
 70
     0
  0
APPID
  5
135
330
9
100
AcDbSymbolTableRecord
100
AcDbRegAppTableRecord
  2
ACAD_DSTYLE_DIMJAG
 70
     0
  0
APPID
  5
136
330
9
100
AcDbSymbolTableRecord
100
AcDbRegAppTableRecord
  2
ACAD_DSTYLE_DIMTALN
 70
     0
  0
APPID
  5
165
330
9
100
AcDbSymbolTableRecord
100
AcDbRegAppTableRecord
  2
ACAD_MLEADERVER
 70
     0
  0
APPID
  5
217
330
9
100
AcDbSymbolTableRecord
100
AcDbRegAppTableRecord
  2
ACAD_NAV_VCDISPLAY
 70
     0
  0
APPID
  5
2BB
330
9
100
AcDbSymbolTableRecord
100
AcDbRegAppTableRecord
  2
AeccLand130
 70
     0
  0
APPID
  5
2C8
330
9
100
AcDbSymbolTableRecord
100
AcDbRegAppTableRecord
  2
AcAecLayerStandard
 70
     0
  0
APPID
  5
2C9
330
9
100
AcDbSymbolTableRecord
100
AcDbRegAppTableRecord
  2
AcCmTransparency
 70
     0
  0
APPID
  5
2CA
330
9
100
AcDbSymbolTableRecord
100
AcDbRegAppTableRecord
  2
ADE
 70
     0
  0
APPID
  5
7E4
330
9
100
AcDbSymbolTableRecord
100
AcDbRegAppTableRecord
  2
ACAD_EXEMPT_FROM_CAD_STANDARDS
 70
     0
  0
ENDTAB
  0
TABLE
  2
DIMSTYLE
  5
A
330
0
100
AcDbSymbolTable
 70
     4
100
AcDbDimStyleTable
 71
     2
340
27
340
137
  0
DIMSTYLE
105
1B0
330
A
100
AcDbSymbolTableRecord
100
AcDbDimStyleTableRecord
  2
Standard
 70
     0
340
11
  0
DIMSTYLE
105
137
330
A
100
AcDbSymbolTableRecord
100
AcDbDimStyleTableRecord
  2
Anotativo
 70
     0
 40
0.0
 41
2.5
 42
0.625
 43
3.75
 44
1.25
 73
     0
 74
     0
 77
     1
 78
     8
140
2.5
141
2.5
143
0.03937007874016
147
0.625
171
     3
172
     1
271
     2
272
     2
274
     3
278
    44
283
     0
284
     8
340
11
1001
AcadAnnotative
1000
AnnotativeData
1002
{
1070
     1
1070
     1
1002
}
1001
ACAD_DSTYLE_DIMJAG
1070
   388
1040
1.5
1001
ACAD_DSTYLE_DIMTALN
1070
   392
1070
     0
  0
DIMSTYLE
105
27
330
A
100
AcDbSymbolTableRecord
100
AcDbDimStyleTableRecord
  2
ISO-25
 70
     0
 41
2.5
 42
0.625
 43
3.75
 44
1.25
 73
     0
 74
     0
 77
     1
 78
     8
140
2.5
141
2.5
143
0.03937007874016
147
0.625
171
     3
172
     1
271
     2
272
     2
274
     3
278
    44
283
     0
284
     8
340
11
  0
ENDTAB
  0
TABLE
  2
BLOCK_RECORD
  5
1
330
0
100
AcDbSymbolTable
 70
     3
  0
BLOCK_RECORD
  5
1F
102
{ACAD_XDICTIONARY
360
1CE
102
}
330
1
100
AcDbSymbolTableRecord
100
AcDbBlockTableRecord
  2
*Model_Space
340
22
 70
     0
280
     1
281
     0
  0
BLOCK_RECORD
  5
D2
330
1
100
AcDbSymbolTableRecord
100
AcDbBlockTableRecord
  2
*Paper_Space
340
D3
 70
     0
280
     1
281
     0
  0
BLOCK_RECORD
  5
D6
330
1
100
AcDbSymbolTableRecord
100
AcDbBlockTableRecord
  2
*Paper_Space0
340
D7
 70
     0
280
     1
281
     0
  0
ENDTAB
  0
ENDSEC
  0
SECTION
  2
BLOCKS
  0
BLOCK
  5
20
330
1F
100
AcDbEntity
  8
0
100
AcDbBlockBegin
  2
*Model_Space
 70
     0
 10
0.0
 20
0.0
 30
0.0
  3
*Model_Space
  1

  0
ENDBLK
  5
21
330
1F
100
AcDbEntity
  8
0
100
AcDbBlockEnd
  0
BLOCK
  5
D4
330
D2
100
AcDbEntity
 67
     1
  8
0
100
AcDbBlockBegin
  2
*Paper_Space
 70
     0
 10
0.0
 20
0.0
 30
0.0
  3
*Paper_Space
  1

  0
ENDBLK
  5
D5
330
D2
100
AcDbEntity
 67
     1
  8
0
100
AcDbBlockEnd
  0
BLOCK
  5
D8
330
D6
100
AcDbEntity
 67
     1
  8
0
100
AcDbBlockBegin
  2
*Paper_Space0
 70
     0
 10
0.0
 20
0.0
 30
0.0
  3
*Paper_Space0
  1

  0
ENDBLK
  5
D9
330
D6
100
AcDbEntity
 67
     1
  8
0
100
AcDbBlockEnd
  0
ENDSEC
  0
SECTION
  2
ENTITIES
  0
TEXT
  5
55A
330
1F
100
AcDbEntity
  8
NOMENCLATURA
370
    60
100
AcDbText
 10
146.4550877390213
 20
155.1884746618691
 30
0.0
 40
0.8
  1
A=157.63m2
 72
     4
 11
149.2885636095161
 21
155.5816328781184
 31
0.0
100
AcDbText
  0
TEXT
  5
55B
330
1F
100
AcDbEntity
  8
NOMENCLATURA
370
    60
100
AcDbText
 10
219.4929284947359
 20
123.8138848449692
 30
0.0
 40
0.8
  1
A=141.64m2
 72
     4
 11
222.3264043652307
 21
124.2070430612184
 31
0.0
100
AcDbText
  0
TEXT
  5
55C
330
1F
100
AcDbEntity
  8
NOMENCLATURA
370
    60
100
AcDbText
 10
201.5849974608648
 20
146.5056931477168
 30
0.0
 40
0.8
  1
A=211.33m2
 72
     4
 11
204.4184733313596
 21
146.9003174604841
 31
0.0
100
AcDbText
  0
TEXT
  5
55D
330
1F
100
AcDbEntity
  8
NOMENCLATURA
370
    60
100
AcDbText
 10
183.7876139196817
 20
155.9298372469505
 30
0.0
 40
0.8
  1
A=237.87m2
 72
     4
 11
186.6210897901765
 21
156.3244615597177
 31
0.0
100
AcDbText
  0
TEXT
  5
55E
330
1F
100
AcDbEntity
  8
NOMENCLATURA
370
    60
100
AcDbText
 10
167.7958446545892
 20
162.2680441306095
 30
0.0
 40
0.8
  1
A=180.11m2
 72
     4
 11
170.629320525084
 21
162.6612023468587
 31
0.0
100
AcDbText
  0
TEXT
  5
55F
330
1F
100
AcDbEntity
  8
NOMENCLATURA
370
    60
100
AcDbText
 10
153.4563800855323
 20
168.3941906855564
 30
0.0
 40
0.8
  1
A=186.07m2
 72
     4
 11
156.2898559560272
 21
168.7873489018056
 31
0.0
100
AcDbText
  0
TEXT
  5
560
330
1F
100
AcDbEntity
  8
NOMENCLATURA
370
    60
100
AcDbText
 10
207.9599660541064
 20
109.0071350824676
 30
0.0
 40
0.8
  1
A=200.00m2
 72
     4
 11
210.7934419246012
 21
109.4002932987168
 31
0.0
100
AcDbText
  0
TEXT
  5
561
330
1F
100
AcDbEntity
  8
NOMENCLATURA
370
    60
100
AcDbText
 10
204.7495450917415
 20
99.72999370304233
 30
0.0
 40
0.8
  1
A=218.06m2
 72
     4
 11
207.5830209622363
 21
100.1231519192915
 31
0.0
100
AcDbText
  0
TEXT
  5
562
330
1F
100
AcDbEntity
  8
NOMENCLATURA
370
    60
100
AcDbText
 10
225.7037265973997
 20
87.99879605971574
 30
0.0
 40
0.8
  1
A=266.57m2
 72
     4
 11
228.5372024678945
 21
88.39195427596497
 31
0.0
100
AcDbText
  0
TEXT
  5
563
330
1F
100
AcDbEntity
  8
NOMENCLATURA
370
    60
100
AcDbText
 10
229.6725351137941
 20
72.2200624763157
 30
0.0
 40
0.8
  1
A=190.65m2
 72
     4
 11
232.5060109842889
 21
72.61322069256493
 31
0.0
100
AcDbText
  0
TEXT
  5
564
330
1F
100
AcDbEntity
  8
NOMENCLATURA
370
    60
100
AcDbText
 10
200.3059653512685
 20
91.00784241334832
 30
0.0
 40
0.8
  1
A=174.60m2
 72
     4
 11
203.1394412217633
 21
91.40100062959755
 31
0.0
100
AcDbText
  0
TEXT
  5
565
330
1F
100
AcDbEntity
  8
NOMENCLATURA
370
    60
100
AcDbText
 10
195.5534687025722
 20
79.0116269781377
 30
0.0
 40
0.8
  1
A=400.00m2
 72
     4
 11
198.386944573067
 21
79.40478519438693
 31
0.0
100
AcDbText
  0
TEXT
  5
566
330
1F
100
AcDbEntity
  8
NOMENCLATURA
370
    60
100
AcDbText
 10
189.6672669002221
 20
65.05177661586849
 30
0.0
 40
0.8
  1
A=174.60m2
 72
     4
 11
192.5007427707169
 21
65.44493483211772
 31
0.0
100
AcDbText
  0
TEXT
  5
567
330
1F
100
AcDbEntity
  8
NOMENCLATURA
370
    60
100
AcDbText
 10
186.726356677573
 20
56.84348643055482
 30
0.0
 40
0.8
  1
A=174.60m2
 72
     4
 11
189.5598325480678
 21
57.23664464680405
 31
0.0
100
AcDbText
  0
TEXT
  5
568
330
1F
100
AcDbEntity
  8
NOMENCLATURA
370
    60
100
AcDbText
 10
183.0018013152077
 20
49.71846780503465
 30
0.0
 40
0.8
  1
A=174.60m2
 72
     4
 11
185.8352771857026
 21
50.11162602128388
 31
0.0
100
AcDbText
  0
TEXT
  5
569
330
1F
100
AcDbEntity
  8
NOMENCLATURA
370
    60
100
AcDbText
 10
154.5578274304646
 20
60.8703902475193
 30
0.0
 40
0.8
  1
A=243.40m2
 72
     4
 11
157.3913033009594
 21
61.26354846376853
 31
0.0
100
AcDbText
  0
TEXT
  5
56A
330
1F
100
AcDbEntity
  8
NOMENCLATURA
370
    60
100
AcDbText
 10
134.7515462423109
 20
82.3165323144879
 30
0.0
 40
0.8
  1
A=146.49m2
 72
     4
 11
137.5850221128057
 21
82.70969053073713
 31
0.0
100
AcDbText
  0
TEXT
  5
56B
330
1F
100
AcDbEntity
  8
NOMENCLATURA
370
    60
100
AcDbText
 10
126.3916528604825
 20
87.80892891712783
 30
0.0
 40
0.8
  1
A=185.00m2
 72
     4
 11
129.2251287309773
 21
88.20208713337706
 31
0.0
100
AcDbText
  0
TEXT
  5
56C
330
1F
100
AcDbEntity
  8
NOMENCLATURA
370
    60
100
AcDbText
 10
132.6978899995813
 20
69.8751025045879
 30
0.0
 40
0.8
  1
A=250.69m2
 72
     4
 11
135.5313658700761
 21
70.26826072083713
 31
0.0
100
AcDbText
  0
TEXT
  5
56D
330
1F
100
AcDbEntity
  8
NOMENCLATURA
370
    60
100
AcDbText
 10
76.19785295517816
 20
131.7349182059645
 30
0.0
 40
0.8
  1
A=200.00m2
 72
     4
 11
79.03132882567297
 21
132.1280764222138
 31
0.0
100
AcDbText
  0
TEXT
  5
56E
330
1F
100
AcDbEntity
  8
NOMENCLATURA
370
    60
100
AcDbText
 10
133.6442393748223
 20
163.3811193043023
 30
0.0
 40
0.8
  1
A=363.65m2
 72
     4
 11
136.4777152453171
 21
163.7742775205515
 31
0.0
100
AcDbText
  0
TEXT
  5
56F
330
1F
100
AcDbEntity
  8
NOMENCLATURA
370
    60
100
AcDbText
 10
33.18065522876735
 20
148.6555135605979
 30
0.0
 40
0.8
  1
A=170.85m2
 72
     4
 11
36.01413109926216
 21
149.0486717768472
 31
0.0
100
AcDbText
  0
TEXT
  5
570
330
1F
100
AcDbEntity
  8
NOMENCLATURA
370
    60
100
AcDbText
 10
41.80128451702351
 20
152.7966014055658
 30
0.0
 40
0.8
  1
A=200.00m2
 72
     4
 11
44.63476038751832
 21
153.189759621815
 31
0.0
100
AcDbText
  0
TEXT
  5
571
330
1F
100
AcDbEntity
  8
NOMENCLATURA
370
    60
100
AcDbText
 10
49.03945500640133
 20
168.2409347242804
 30
0.0
 40
0.8
  1
A=321.81m2
 72
     4
 11
51.87293087689614
 21
168.6355590370476
 31
0.0
100
AcDbText
  0
TEXT
  5
572
330
1F
100
AcDbEntity
  8
NOMENCLATURA
370
    60
100
AcDbText
 10
70.95001446698027
 20
159.2826881366439
 30
0.0
 40
0.8
  1
A=295.73m2
 72
     4
 11
73.78349033747508
 21
159.6758463528931
 31
0.0
100
AcDbText
  0
TEXT
  5
573
330
1F
100
AcDbEntity
  8
NOMENCLATURA
370
    60
100
AcDbText
 10
81.24492175060025
 20
159.1532410496968
 30
0.0
 40
0.8
  1
A=286.60m2
 72
     4
 11
84.07839762109507
 21
159.5463992659461
 31
0.0
100
AcDbText
  0
TEXT
  5
574
330
1F
100
AcDbEntity
  8
NOMENCLATURA
370
    60
100
AcDbText
 10
91.24946696984283
 20
158.8809466851234
 30
0.0
 40
0.8
  1
A=252.21m2
 72
     4
 11
94.08294284033763
 21
159.277525793248
 31
0.0
100
AcDbText
  0
TEXT
  5
575
330
1F
100
AcDbEntity
  8
NOMENCLATURA
370
    60
100
AcDbText
 10
101.062437406603
 20
159.4239902717184
 30
0.0
 40
0.8
  1
A=221.79m2
 72
     4
 11
103.8959132770978
 21
159.8171484879676
 31
0.0
100
AcDbText
  0
TEXT
  5
576
330
1F
100
AcDbEntity
  8
NOMENCLATURA
370
    60
100
AcDbText
 10
111.3873747437976
 20
160.2140928730025
 30
0.0
 40
0.8
  1
A=218.30m2
 72
     4
 11
114.2208506142924
 21
160.6072510892518
 31
0.0
100
AcDbText
  0
TEXT
  5
577
330
1F
100
AcDbEntity
  8
NOMENCLATURA
370
    60
100
AcDbText
 10
111.0933392331719
 20
177.3182836337603
 30
0.0
 40
0.8
  1
A=320.39m2
 72
     4
 11
113.9268151036667
 21
177.7114418500095
 31
0.0
100
AcDbText
  0
TEXT
  5
578
330
1F
100
AcDbEntity
  8
NOMENCLATURA
370
    60
100
AcDbText
 10
37.3572710744122
 20
104.5533900631719
 30
0.0
 40
0.8
  1
A=234.14m2
 72
     4
 11
40.190746944907
 21
104.9480143759392
 31
0.0
100
AcDbText
  0
TEXT
  5
579
330
1F
100
AcDbEntity
  8
NOMENCLATURA
370
    60
100
AcDbText
 10
27.35976826094724
 20
125.9505571828352
 30
0.0
 40
0.8
  1
A=153.38m2
 72
     4
 11
30.19324413144204
 21
126.3451814956024
 31
0.0
100
AcDbText
  0
TEXT
  5
57A
330
1F
100
AcDbEntity
  8
NOMENCLATURA
370
    60
100
AcDbText
 10
36.5278623108536
 20
125.2093086498446
 30
0.0
 40
0.8
  1
A=200.00m2
 72
     4
 11
39.3613381813484
 21
125.6024668660939
 31
0.0
100
AcDbText
  0
TEXT
  5
57B
330
1F
100
AcDbEntity
  8
NOMENCLATURA
370
    60
100
AcDbText
 10
48.80583608660548
 20
128.9003681777633
 30
0.0
 40
0.8
  1
A=174.00m2
 72
     4
 11
51.63931195710029
 21
129.2935263940126
 31
0.0
100
AcDbText
  0
TEXT
  5
57C
330
1F
100
AcDbEntity
  8
NOMENCLATURA
100
AcDbText
 10
51.17079980832059
 20
133.8244708236333
 30
0.0
 40
0.8
  1
17.40m
 50
5.70400002014962
 72
     4
 11
52.77503039354633
 21
134.3707360939115
 31
0.0
100
AcDbText
  0
TEXT
  5
57D
330
1F
100
AcDbEntity
  8
NOMENCLATURA
100
AcDbText
 10
60.2900985921723
 20
132.7594970709379
 30
0.0
 40
0.8
  1
10.00m
 50
275.7353784331718
 72
     4
 11
60.83724234798864
 21
131.155565892066
 31
0.0
100
AcDbText
  0
TEXT
  5
57E
330
1F
100
AcDbEntity
  8
NOMENCLATURA
100
AcDbText
 10
37.53863148266853
 20
132.4628383347275
 30
0.0
 40
0.8
  1
10.00m
 50
5.704000020327997
 72
     4
 11
39.14286206789256
 21
133.0091036050107
 31
0.0
100
AcDbText
  0
TEXT
  5
57F
330
1F
100
AcDbEntity
  8
NOMENCLATURA
100
AcDbText
 10
45.21360477128899
 20
131.0301244212483
 30
0.0
 40
0.8
  1
10.00m
 50
275.7353784335036
 72
     4
 11
45.76074852711463
 21
129.4261932423796
 31
0.0
100
AcDbText
  0
TEXT
  5
580
330
1F
100
AcDbEntity
  8
NOMENCLATURA
100
AcDbText
 10
27.26475279939328
 20
131.4366445068634
 30
0.0
 40
0.8
  1
10.65m
 50
5.704000020603523
 72
     4
 11
28.86898338461469
 21
131.9829097771544
 31
0.0
100
AcDbText
  0
TEXT
  5
581
330
1F
100
AcDbEntity
  8
NOMENCLATURA
100
AcDbText
 10
27.09807754043003
 20
124.7025980545696
 30
0.0
 40
0.8
  1
20.87m
 50
292.3321646043727
 72
     4
 11
28.08553727359686
 21
123.3238147219635
 31
0.0
100
AcDbText
  0
TEXT
  5
582
330
1F
100
AcDbEntity
  8
NOMENCLATURA
100
AcDbText
 10
33.92542165005526
 20
125.0607238662056
 30
0.0
 40
0.8
  1
20.00m
 50
275.7353784327066
 72
     4
 11
34.47791418268753
 21
123.4573299020521
 31
0.0
100
AcDbText
  0
TEXT
  5
583
330
1F
100
AcDbEntity
  8
NOMENCLATURA
100
AcDbText
 10
52.17014143695141
 20
123.8745287982768
 30
0.0
 40
0.8
  1
17.40m
 50
5.704000020168669
 72
     4
 11
53.77437202217698
 21
124.4207940685555
 31
0.0
100
AcDbText
  0
TEXT
  5
584
330
1F
100
AcDbEntity
  8
NOMENCLATURA
100
AcDbText
 10
46.21294639981624
 20
121.0801823958967
 30
0.0
 40
0.8
  1
10.00m
 50
275.7353784330385
 72
     4
 11
46.76009015562885
 21
119.4762512170236
 31
0.0
100
AcDbText
  0
TEXT
  5
585
330
1F
100
AcDbEntity
  8
NOMENCLATURA
100
AcDbText
 10
61.28944022074474
 20
122.8095550458147
 30
0.0
 40
0.8
  1
10.00m
 50
275.7353784331718
 72
     4
 11
61.83658397656109
 21
121.2056238669429
 31
0.0
100
AcDbText
  0
TEXT
  5
586
330
1F
100
AcDbEntity
  8
NOMENCLATURA
100
AcDbText
 10
57.80240400181831
 20
116.3590299503258
 30
0.0
 40
0.8
  1
8.70m
 50
5.704000020912502
 72
     4
 11
59.10217585646023
 21
116.880287168733
 31
0.0
100
AcDbText
  0
TEXT
  5
587
330
1F
100
AcDbEntity
  8
NOMENCLATURA
100
AcDbText
 10
59.80108725902139
 20
96.39252977700301
 30
0.0
 40
0.8
  1
8.70m
 50
5.704000020912502
 72
     4
 11
61.10085911366332
 21
96.91378699541019
 31
0.0
100
AcDbText
  0
TEXT
  5
588
330
1F
100
AcDbEntity
  8
NOMENCLATURA
100
AcDbText
 10
62.78310388692275
 20
107.8841047935245
 30
0.0
 40
0.8
  1
20.00m
 50
275.7353784330725
 72
     4
 11
63.33559641956526
 21
106.2807108293746
 31
0.0
100
AcDbText
  0
TEXT
  5
589
330
1F
100
AcDbEntity
  8
NOMENCLATURA
100
AcDbText
 10
49.14547959062986
 20
115.4943436255982
 30
0.0
 40
0.8
  1
8.70m
 50
5.704000020950602
 72
     4
 11
50.44525144527142
 21
116.0156008440062
 31
0.0
100
AcDbText
  0
TEXT
  5
58A
330
1F
100
AcDbEntity
  8
NOMENCLATURA
100
AcDbText
 10
51.14416284778861
 20
95.52784345177508
 30
0.0
 40
0.8
  1
8.70m
 50
5.704000022476368
 72
     4
 11
52.4439347024163
 21
96.04910067021775
 31
0.0
100
AcDbText
  0
TEXT
  5
58B
330
1F
100
AcDbEntity
  8
NOMENCLATURA
100
AcDbText
 10
54.12617947573394
 20
107.0194184685648
 30
0.0
 40
0.8
  1
20.00m
 50
275.7353784330725
 72
     4
 11
54.67867200837645
 21
105.4160245044149
 31
0.0
100
AcDbText
  0
TEXT
  5
58C
330
1F
100
AcDbEntity
  8
NOMENCLATURA
100
AcDbText
 10
32.53360664958639
 20
113.8404894162955
 30
0.0
 40
0.8
  1
4.69m
 50
5.704000021304587
 72
     4
 11
33.83391278957424
 21
114.3563975644756
 31
0.0
100
AcDbText
  0
TEXT
  5
58D
330
1F
100
AcDbEntity
  8
NOMENCLATURA
100
AcDbText
 10
39.53731473999733
 20
114.5400462471582
 30
0.0
 40
0.8
  1
10.00m
 50
5.704000021304587
 72
     4
 11
41.14154532521206
 21
115.0863115174688
 31
0.0
100
AcDbText
  0
TEXT
  5
58E
330
1F
100
AcDbEntity
  8
NOMENCLATURA
100
AcDbText
 10
35.22088237382818
 20
105.5059109704102
 30
0.0
 40
0.8
  1
20.87m
 50
292.3321646045102
 72
     4
 11
36.20834210699832
 21
104.1271276378065
 31
0.0
100
AcDbText
  0
TEXT
  5
58F
330
1F
100
AcDbEntity
  8
NOMENCLATURA
100
AcDbText
 10
42.47445996836122
 20
94.66040737353219
 30
0.0
 40
0.8
  1
8.73m
 50
5.704000020123001
 72
     4
 11
43.77408610882412
 21
95.18312342925856
 31
0.0
100
AcDbText
  0
TEXT
  5
590
330
1F
100
AcDbEntity
  8
NOMENCLATURA
100
AcDbText
 10
45.46925506448878
 20
106.154732143373
 30
0.0
 40
0.8
  1
20.00m
 50
275.7353784330059
 72
     4
 11
46.02174759712943
 21
104.5513381792225
 31
0.0
100
AcDbText
  0
TEXT
  5
591
330
1F
100
AcDbEntity
  8
NOMENCLATURA
100
AcDbText
 10
112.2326082235622
 20
188.0250617095368
 30
0.0
 40
0.8
  1
7.07m
 50
67.21751656902366
 72
     4
 11
112.3993441221391
 21
189.4140024624757
 31
0.0
100
AcDbText
  0
TEXT
  5
592
330
1F
100
AcDbEntity
  8
NOMENCLATURA
100
AcDbText
 10
109.8521021965651
 20
192.9642153646309
 30
0.0
 40
0.8
  1
6.26m
 50
337.5333357916972
 72
     4
 11
111.2439952037384
 21
192.8101056036066
 31
0.0
100
AcDbText
  0
TEXT
  5
593
330
1F
100
AcDbEntity
  8
NOMENCLATURA
100
AcDbText
 10
107.0931263791209
 20
180.7647538690005
 30
0.0
 40
0.8
  1
25.08m
 50
77.79430599879955
 72
     4
 11
107.0614068155264
 21
182.4603700025
 31
0.0
100
AcDbText
  0
TEXT
  5
594
330
1F
100
AcDbEntity
  8
NOMENCLATURA
100
AcDbText
 10
117.973197686319
 20
181.9478048958121
 30
0.0
 40
0.8
  1
17.86m
 50
337.4939222848162
 72
     4
 11
119.6471587369305
 21
181.6758221685413
 31
0.0
100
AcDbText
  0
TEXT
  5
595
330
1F
100
AcDbEntity
  8
NOMENCLATURA
100
AcDbText
 10
122.4264633362474
 20
170.9201926948646
 30
0.0
 40
0.8
  1
10.00m
 50
5.704001613009677
 72
     4
 11
124.0306939062866
 21
171.4664580097414
 31
0.0
100
AcDbText
  0
TEXT
  5
596
330
1F
100
AcDbEntity
  8
NOMENCLATURA
100
AcDbText
 10
124.6080263429096
 20
151.227368999273
 30
0.0
 40
0.8
  1
10.00m
 50
5.704000020228558
 72
     4
 11
126.2122569281346
 21
151.7736342695534
 31
0.0
100
AcDbText
  0
TEXT
  5
597
330
1F
100
AcDbEntity
  8
NOMENCLATURA
100
AcDbText
 10
112.4759755350117
 20
169.9263000911151
 30
0.0
 40
0.8
  1
10.00m
 50
5.704001611682262
 72
     4
 11
114.0802061050635
 21
170.4725654059548
 31
0.0
100
AcDbText
  0
TEXT
  5
598
330
1F
100
AcDbEntity
  8
NOMENCLATURA
100
AcDbText
 10
114.65753851398
 20
150.2334766718553
 30
0.0
 40
0.8
  1
10.00m
 50
5.704000020261704
 72
     4
 11
116.2617690992047
 21
150.7797419421367
 31
0.0
100
AcDbText
  0
TEXT
  5
599
330
1F
100
AcDbEntity
  8
NOMENCLATURA
100
AcDbText
 10
118.4978969347993
 20
162.6075106252514
 30
0.0
 40
0.8
  1
21.83m
 50
275.7353784330117
 72
     4
 11
119.0518482247571
 21
161.0042631742071
 31
0.0
100
AcDbText
  0
TEXT
  5
59A
330
1F
100
AcDbEntity
  8
NOMENCLATURA
100
AcDbText
 10
105.0181247569012
 20
169.1813815631088
 30
0.0
 40
0.8
  1
5.60m
 50
5.70400161122349
 72
     4
 11
106.318430882573
 21
169.6972897473715
 31
0.0
100
AcDbText
  0
TEXT
  5
59B
330
1F
100
AcDbEntity
  8
NOMENCLATURA
100
AcDbText
 10
99.52081906168299
 20
169.9659656129353
 30
0.0
 40
0.8
  1
4.68m
 50
345.8688741019508
 72
     4
 11
100.9203494773683
 21
170.0152664996676
 31
0.0
100
AcDbText
  0
TEXT
  5
59C
330
1F
100
AcDbEntity
  8
NOMENCLATURA
100
AcDbText
 10
104.7070506851083
 20
149.2395843442058
 30
0.0
 40
0.8
  1
10.00m
 50
5.704000020261704
 72
     4
 11
106.311281270333
 21
149.7858496144872
 31
0.0
100
AcDbText
  0
TEXT
  5
59D
330
1F
100
AcDbEntity
  8
NOMENCLATURA
100
AcDbText
 10
108.5474091196609
 20
161.6136181597649
 30
0.0
 40
0.8
  1
21.83m
 50
275.7353784331446
 72
     4
 11
109.1013604096224
 21
160.0103707087219
 31
0.0
100
AcDbText
  0
TEXT
  5
59E
330
1F
100
AcDbEntity
  8
NOMENCLATURA
100
AcDbText
 10
91.80108774015005
 20
171.909487037133
 30
0.0
 40
0.8
  1
10.63m
 50
345.8688741028661
 72
     4
 11
93.49681226960091
 21
171.88421802218
 31
0.0
100
AcDbText
  0
TEXT
  5
59F
330
1F
100
AcDbEntity
  8
NOMENCLATURA
100
AcDbText
 10
94.7565628561202
 20
148.2456920167891
 30
0.0
 40
0.8
  1
10.00m
 50
5.704000020261704
 72
     4
 11
96.36079344134486
 21
148.7919572870705
 31
0.0
100
AcDbText
  0
TEXT
  5
5A0
330
1F
100
AcDbEntity
  8
NOMENCLATURA
100
AcDbText
 10
98.5176149036789
 20
161.4093396459755
 30
0.0
 40
0.8
  1
23.42m
 50
275.7353784331673
 72
     4
 11
99.07156619364105
 21
159.8060921949327
 31
0.0
100
AcDbText
  0
TEXT
  5
5A1
330
1F
100
AcDbEntity
  8
NOMENCLATURA
100
AcDbText
 10
85.42928886385899
 20
173.5675394797299
 30
0.0
 40
0.8
  1
3.56m
 50
345.868874101846
 72
     4
 11
86.8288192795444
 21
173.6168403664596
 31
0.0
100
AcDbText
  0
TEXT
  5
5A2
330
1F
100
AcDbEntity
  8
NOMENCLATURA
100
AcDbText
 10
84.93608996256252
 20
173.0867554718035
 30
0.0
 40
0.8
  1
0.78m
 50
93.17980337617875
 72
     4
 11
84.47258214662724
 21
174.4082230145104
 31
0.0
100
AcDbText
  0
TEXT
  5
5A3
330
1F
100
AcDbEntity
  8
NOMENCLATURA
100
AcDbText
 10
80.47501720208373
 20
174.1779462463237
 30
0.0
 40
0.8
  1
6.69m
 50
2.974451976438169
 72
     4
 11
81.79841644070984
 21
174.6313464340746
 31
0.0
100
AcDbText
  0
TEXT
  5
5A4
330
1F
100
AcDbEntity
  8
NOMENCLATURA
100
AcDbText
 10
84.80607502720262
 20
147.251799689569
 30
0.0
 40
0.8
  1
10.00m
 50
5.704000021555972
 72
     4
 11
86.41030561241496
 21
147.7980649598867
 31
0.0
100
AcDbText
  0
TEXT
  5
5A5
330
1F
100
AcDbEntity
  8
NOMENCLATURA
100
AcDbText
 10
88.38831151851904
 20
162.2104945111607
 30
0.0
 40
0.8
  1
27.03m
 50
275.7353784331089
 72
     4
 11
88.94080405116255
 21
160.6071005470112
 31
0.0
100
AcDbText
  0
TEXT
  5
5A6
330
1F
100
AcDbEntity
  8
NOMENCLATURA
100
AcDbText
 10
71.82851278660222
 20
173.7286681027547
 30
0.0
 40
0.8
  1
10.01m
 50
2.974451974330472
 72
     4
 11
73.45693730683706
 21
174.1979176077984
 31
0.0
100
AcDbText
  0
TEXT
  5
5A7
330
1F
100
AcDbEntity
  8
NOMENCLATURA
100
AcDbText
 10
74.85558719815661
 20
146.2579073619186
 30
0.0
 40
0.8
  1
10.00m
 50
5.704000021589119
 72
     4
 11
76.45981778336864
 21
146.8041726322371
 31
0.0
100
AcDbText
  0
TEXT
  5
5A8
330
1F
100
AcDbEntity
  8
NOMENCLATURA
100
AcDbText
 10
78.32240631622456
 20
162.3657549255123
 30
0.0
 40
0.8
  1
29.33m
 50
275.7353784330341
 72
     4
 11
78.87489884886599
 21
160.762360961362
 31
0.0
100
AcDbText
  0
TEXT
  5
5A9
330
1F
100
AcDbEntity
  8
NOMENCLATURA
100
AcDbText
 10
53.00252605836073
 20
172.7450743194867
 30
0.0
 40
0.8
  1
27.69m
 50
2.974451975709396
 72
     4
 11
54.63067163059895
 21
173.2196922695257
 31
0.0
100
AcDbText
  0
TEXT
  5
5AA
330
1F
100
AcDbEntity
  8
NOMENCLATURA
100
AcDbText
 10
39.1137470937411
 20
165.6262390704563
 30
0.0
 40
0.8
  1
12.54m
 50
68.27520070070825
 72
     4
 11
39.35970139536948
 21
167.3050193460185
 31
0.0
100
AcDbText
  0
TEXT
  5
5AB
330
1F
100
AcDbEntity
  8
NOMENCLATURA
100
AcDbText
 10
43.00544044493494
 20
161.1482124735184
 30
0.0
 40
0.8
  1
10.00m
 50
5.704001611682262
 72
     4
 11
44.60967101498681
 21
161.6944777883582
 31
0.0
100
AcDbText
  0
TEXT
  5
5AC
330
1F
100
AcDbEntity
  8
NOMENCLATURA
100
AcDbText
 10
67.37927759380013
 20
171.2550887746036
 30
0.0
 40
0.8
  1
9.81m
 50
275.7353784330287
 72
     4
 11
67.90124656264379
 21
169.9556025848251
 31
0.0
100
AcDbText
  0
TEXT
  5
5AD
330
1F
100
AcDbEntity
  8
NOMENCLATURA
100
AcDbText
 10
62.90641604727794
 20
163.1359976808199
 30
0.0
 40
0.8
  1
10.00m
 50
5.704001613075971
 72
     4
 11
64.51064661731653
 21
163.6822629956987
 31
0.0
100
AcDbText
  0
TEXT
  5
5AE
330
1F
100
AcDbEntity
  8
NOMENCLATURA
100
AcDbText
 10
64.90509936921405
 20
145.2640150345391
 30
0.0
 40
0.8
  1
10.00m
 50
5.704000020261704
 72
     4
 11
66.50932995443873
 21
145.8102803048205
 31
0.0
100
AcDbText
  0
TEXT
  5
5AF
330
1F
100
AcDbEntity
  8
NOMENCLATURA
100
AcDbText
 10
68.83835637580308
 20
156.7277751146884
 30
0.0
 40
0.8
  1
20.00m
 50
275.7353784329587
 72
     4
 11
69.39084890844242
 21
155.1243811505373
 31
0.0
100
AcDbText
  0
TEXT
  5
5B0
330
1F
100
AcDbEntity
  8
NOMENCLATURA
100
AcDbText
 10
52.9559282460416
 20
162.1421050775379
 30
0.0
 40
0.8
  1
10.00m
 50
5.704001611682262
 72
     4
 11
54.56015881609346
 21
162.6883703923777
 31
0.0
100
AcDbText
  0
TEXT
  5
5B1
330
1F
100
AcDbEntity
  8
NOMENCLATURA
100
AcDbText
 10
54.95461154028414
 20
144.2701227071224
 30
0.0
 40
0.8
  1
10.00m
 50
5.704000020261704
 72
     4
 11
56.55884212550882
 21
144.8163879774038
 31
0.0
100
AcDbText
  0
TEXT
  5
5B2
330
1F
100
AcDbEntity
  8
NOMENCLATURA
100
AcDbText
 10
58.88786856078818
 20
155.7338826492042
 30
0.0
 40
0.8
  1
20.00m
 50
275.7353784328385
 72
     4
 11
59.44036109342414
 21
154.1304886850521
 31
0.0
100
AcDbText
  0
TEXT
  5
5B3
330
1F
100
AcDbEntity
  8
NOMENCLATURA
100
AcDbText
 10
43.00544044493494
 20
161.1482124735184
 30
0.0
 40
0.8
  1
10.00m
 50
5.704001611682262
 72
     4
 11
44.60967101498681
 21
161.6944777883582
 31
0.0
100
AcDbText
  0
TEXT
  5
5B4
330
1F
100
AcDbEntity
  8
NOMENCLATURA
100
AcDbText
 10
45.00412371141212
 20
143.2762303799395
 30
0.0
 40
0.8
  1
10.00m
 50
5.704000020228558
 72
     4
 11
46.60835429663712
 21
143.8224956502199
 31
0.0
100
AcDbText
  0
TEXT
  5
5B5
330
1F
100
AcDbEntity
  8
NOMENCLATURA
100
AcDbText
 10
48.93738074576584
 20
154.7399901837176
 30
0.0
 40
0.8
  1
20.00m
 50
275.7353784329837
 72
     4
 11
49.48987327840587
 21
153.1365962195668
 31
0.0
100
AcDbText
  0
TEXT
  5
5B6
330
1F
100
AcDbEntity
  8
NOMENCLATURA
100
AcDbText
 10
36.62222001613696
 20
160.5037562868865
 30
0.0
 40
0.8
  1
3.44m
 50
5.704001611411555
 72
     4
 11
37.92184614208236
 21
161.0264723787077
 31
0.0
100
AcDbText
  0
TEXT
  5
5B7
330
1F
100
AcDbEntity
  8
NOMENCLATURA
100
AcDbText
 10
33.51994284304417
 20
151.6110853159605
 30
0.0
 40
0.8
  1
17.64m
 50
68.2752007007454
 72
     4
 11
33.77406892429281
 21
153.2866095476311
 31
0.0
100
AcDbText
  0
TEXT
  5
5B8
330
1F
100
AcDbEntity
  8
NOMENCLATURA
100
AcDbText
 10
30.59134758845763
 20
144.0537344805312
 30
0.0
 40
0.8
  1
4.09m
 50
77.73511316723314
 72
     4
 11
30.50174837680243
 21
145.4497750445262
 31
0.0
100
AcDbText
  0
TEXT
  5
5B9
330
1F
100
AcDbEntity
  8
NOMENCLATURA
100
AcDbText
 10
31.05538851247209
 20
141.5081594278694
 30
0.0
 40
0.8
  1
0.47m
 50
111.8007600930035
 72
     4
 11
30.19918332812085
 21
142.6144459899042
 31
0.0
100
AcDbText
  0
TEXT
  5
5BA
330
1F
100
AcDbEntity
  8
NOMENCLATURA
100
AcDbText
 10
33.7052988644959
 20
142.1388207045398
 30
0.0
 40
0.8
  1
12.71m
 50
5.704000020873662
 72
     4
 11
35.30865516459744
 21
142.6938389988609
 31
0.0
100
AcDbText
  0
TEXT
  5
5BB
330
1F
100
AcDbEntity
  8
NOMENCLATURA
100
AcDbText
 10
38.98689293057353
 20
153.7460977179997
 30
0.0
 40
0.8
  1
20.00m
 50
275.7353784329629
 72
     4
 11
39.53938546321296
 21
152.1427037538487
 31
0.0
100
AcDbText
  0
TEXT
  5
5BC
330
1F
100
AcDbEntity
  8
NOMENCLATURA
100
AcDbText
 10
136.4787846182673
 20
174.2802399086114
 30
0.0
 40
0.8
  1
22.20m
 50
337.4939222846678
 72
     4
 11
138.1527456688782
 21
174.0082571813364
 31
0.0
100
AcDbText
  0
TEXT
  5
5BD
330
1F
100
AcDbEntity
  8
NOMENCLATURA
100
AcDbText
 10
128.1210526191617
 20
174.6701477957408
 30
0.0
 40
0.8
  1
6.25m
 50
95.73537843556488
 72
     4
 11
127.5990836502606
 21
175.9696339854963
 31
0.0
100
AcDbText
  0
TEXT
  5
5BE
330
1F
100
AcDbEntity
  8
NOMENCLATURA
100
AcDbText
 10
128.4483847499326
 20
163.601403090969
 30
0.0
 40
0.8
  1
21.83m
 50
275.7353784330607
 72
     4
 11
129.0023360398918
 21
161.9981556399252
 31
0.0
100
AcDbText
  0
TEXT
  5
5BF
330
1F
100
AcDbEntity
  8
NOMENCLATURA
100
AcDbText
 10
134.6210748181986
 20
152.2221076840526
 30
0.0
 40
0.8
  1
10.12m
 50
5.704000020873619
 72
     4
 11
136.224771118068
 21
152.7737220245872
 31
0.0
100
AcDbText
  0
TEXT
  5
5C0
330
1F
100
AcDbEntity
  8
NOMENCLATURA
100
AcDbText
 10
143.8819409937642
 20
160.415377156958
 30
0.0
 40
0.8
  1
19.95m
 50
67.5294334098337
 72
     4
 11
144.1578537146997
 21
162.0874518223099
 31
0.0
100
AcDbText
  0
TEXT
  5
5C1
330
1F
100
AcDbEntity
  8
NOMENCLATURA
100
AcDbText
 10
142.0364591617904
 20
141.7215190647962
 30
0.0
 40
0.8
  1
8.33m
 50
337.5455102477163
 72
     4
 11
143.4289448582422
 21
141.5690600045018
 31
0.0
100
AcDbText
  0
TEXT
  5
5C2
330
1F
100
AcDbEntity
  8
NOMENCLATURA
100
AcDbText
 10
135.7553557141334
 20
142.2730959141349
 30
0.0
 40
0.8
  1
6.04m
 50
5.704000018665986
 72
     4
 11
137.055661854145
 21
142.7890040622551
 31
0.0
100
AcDbText
  0
TEXT
  5
5C3
330
1F
100
AcDbEntity
  8
NOMENCLATURA
100
AcDbText
 10
123.9989545137571
 20
141.0934196981154
 30
0.0
 40
0.8
  1
16.98m
 50
5.704000020780102
 72
     4
 11
125.6026508136274
 21
141.6450340386472
 31
0.0
100
AcDbText
  0
TEXT
  5
5C4
330
1F
100
AcDbEntity
  8
NOMENCLATURA
100
AcDbText
 10
119.0901130702908
 20
135.9188366226216
 30
0.0
 40
0.8
  1
9.00m
 50
95.73537843556488
 72
     4
 11
118.5734928782185
 21
137.2188600271001
 31
0.0
100
AcDbText
  0
TEXT
  5
5C5
330
1F
100
AcDbEntity
  8
NOMENCLATURA
100
AcDbText
 10
133.9225556343074
 20
137.6064657945016
 30
0.0
 40
0.8
  1
9.00m
 50
95.73537843556488
 72
     4
 11
133.4059354422352
 21
138.9064891989801
 31
0.0
100
AcDbText
  0
TEXT
  5
5C6
330
1F
100
AcDbEntity
  8
NOMENCLATURA
100
AcDbText
 10
124.8983619795172
 20
132.13847187541
 30
0.0
 40
0.8
  1
16.98m
 50
5.70400001999835
 72
     4
 11
126.502058279395
 21
132.69008621592
 31
0.0
100
AcDbText
  0
TEXT
  5
5C7
330
1F
100
AcDbEntity
  8
NOMENCLATURA
100
AcDbText
 10
119.9895205359419
 20
126.9638888001272
 30
0.0
 40
0.8
  1
9.00m
 50
95.73537843556488
 72
     4
 11
119.4729003438697
 21
128.2639122046057
 31
0.0
100
AcDbText
  0
TEXT
  5
5C8
330
1F
100
AcDbEntity
  8
NOMENCLATURA
100
AcDbText
 10
134.8219631000168
 20
128.65151797224
 30
0.0
 40
0.8
  1
9.00m
 50
95.73537843556488
 72
     4
 11
134.3053429079446
 21
129.9515413767185
 31
0.0
100
AcDbText
  0
TEXT
  5
5C9
330
1F
100
AcDbEntity
  8
NOMENCLATURA
100
AcDbText
 10
135.3767986261855
 20
123.1810919612631
 30
0.0
 40
0.8
  1
2.00m
 50
95.73537843556488
 72
     4
 11
134.8548296572844
 21
124.4805781510185
 31
0.0
100
AcDbText
  0
TEXT
  5
5CA
330
1F
100
AcDbEntity
  8
NOMENCLATURA
100
AcDbText
 10
125.7977694451683
 20
123.1835240529155
 30
0.0
 40
0.8
  1
16.98m
 50
5.70400001999835
 72
     4
 11
127.4014657450461
 21
123.7351383934256
 31
0.0
100
AcDbText
  0
TEXT
  5
5CB
330
1F
100
AcDbEntity
  8
NOMENCLATURA
100
AcDbText
 10
120.9694186470394
 20
117.2075361021808
 30
0.0
 40
0.8
  1
10.00m
 50
95.73537843556488
 72
     4
 11
120.4222748911561
 21
118.8114672810297
 31
0.0
100
AcDbText
  0
TEXT
  5
5CC
330
1F
100
AcDbEntity
  8
NOMENCLATURA
100
AcDbText
 10
125.9982885228639
 20
113.1523192212016
 30
0.0
 40
0.8
  1
15.37m
 50
5.704000020293851
 72
     4
 11
127.6018391085526
 21
113.705392399057
 31
0.0
100
AcDbText
  0
TEXT
  5
5CD
330
1F
100
AcDbEntity
  8
NOMENCLATURA
100
AcDbText
 10
122.2521007658147
 20
106.1543065200728
 30
0.0
 40
0.8
  1
12.00m
 50
95.73537843556488
 72
     4
 11
121.6996082331025
 21
107.7577004841987
 31
0.0
100
AcDbText
  0
TEXT
  5
5CE
330
1F
100
AcDbEntity
  8
NOMENCLATURA
100
AcDbText
 10
125.9993533465845
 20
103.3397839142363
 30
0.0
 40
0.8
  1
12.97m
 50
5.704000019581961
 72
     4
 11
127.6030496464664
 21
103.8913982547347
 31
0.0
100
AcDbText
  0
TEXT
  5
5CF
330
1F
100
AcDbEntity
  8
NOMENCLATURA
100
AcDbText
 10
136.3064792540308
 20
122.0376480463427
 30
0.0
 40
0.8
  1
4.23m
 50
343.997893868783
 72
     4
 11
137.7072773383552
 21
122.0426387218285
 31
0.0
100
AcDbText
  0
TEXT
  5
5D0
330
1F
100
AcDbEntity
  8
NOMENCLATURA
100
AcDbText
 10
133.749902815735
 20
107.5959390854266
 30
0.0
 40
0.8
  1
12.24m
 50
84.38787232897295
 72
     4
 11
133.5202884126192
 21
109.2770321696989
 31
0.0
100
AcDbText
  0
TEXT
  5
5D1
330
1F
100
AcDbEntity
  8
NOMENCLATURA
100
AcDbText
 10
134.7738429757644
 20
118.0511579499297
 30
0.0
 40
0.8
  1
8.16m
 50
84.38787232897295
 72
     4
 11
134.5177633191779
 21
119.427943761646
 31
0.0
100
AcDbText
  0
TEXT
  5
5D2
330
1F
100
AcDbEntity
  8
NOMENCLATURA
100
AcDbText
 10
136.006036023597
 20
103.0636523241388
 30
0.0
 40
0.8
  1
7.02m
 50
337.5455102467173
 72
     4
 11
137.3979617452569
 21
102.9098383220371
 31
0.0
100
AcDbText
  0
TEXT
  5
5D3
330
1F
100
AcDbEntity
  8
NOMENCLATURA
100
AcDbText
 10
124.2037953190134
 20
76.78890233962491
 30
0.0
 40
0.8
  1
11.35m
 50
275.7353784330229
 72
     4
 11
124.7577466089715
 21
75.18565488858076
 31
0.0
100
AcDbText
  0
TEXT
  5
5D4
330
1F
100
AcDbEntity
  8
NOMENCLATURA
100
AcDbText
 10
133.5990436720406
 20
66.45694738257278
 30
0.0
 40
0.8
  1
22.39m
 50
337.5455102468919
 72
     4
 11
135.2732489318441
 21
66.18647196604797
 31
0.0
100
AcDbText
  0
TEXT
  5
5D5
330
1F
100
AcDbEntity
  8
NOMENCLATURA
100
AcDbText
 10
133.2961236998543
 20
93.40340277481063
 30
0.0
 40
0.8
  1
5.01m
 50
337.545510246078
 72
     4
 11
134.6859961806185
 21
93.24462065282205
 31
0.0
100
AcDbText
  0
TEXT
  5
5D6
330
1F
100
AcDbEntity
  8
NOMENCLATURA
100
AcDbText
 10
125.7978894528224
 20
93.03965834618468
 30
0.0
 40
0.8
  1
10.96m
 50
5.704000021268071
 72
     4
 11
127.4021200380375
 21
93.58592361649426
 31
0.0
100
AcDbText
  0
TEXT
  5
5D7
330
1F
100
AcDbEntity
  8
NOMENCLATURA
100
AcDbText
 10
122.9786939648392
 20
88.98662041813125
 30
0.0
 40
0.8
  1
13.17m
 50
275.7353784327185
 72
     4
 11
123.5326452547888
 21
87.38337296708413
 31
0.0
100
AcDbText
  0
TEXT
  5
5D8
330
1F
100
AcDbEntity
  8
NOMENCLATURA
100
AcDbText
 10
125.9159042436596
 20
80.52825913480445
 30
0.0
 40
0.8
  1
8.44m
 50
337.5455102471593
 72
     4
 11
127.3083899401099
 21
80.37580007449651
 31
0.0
100
AcDbText
  0
TEXT
  5
5D9
330
1F
100
AcDbEntity
  8
NOMENCLATURA
100
AcDbText
 10
139.6421916027988
 20
90.77327593388247
 30
0.0
 40
0.8
  1
8.73m
 50
337.5455102470565
 72
     4
 11
141.0346772992489
 21
90.62081687357204
 31
0.0
100
AcDbText
  0
TEXT
  5
5DA
330
1F
100
AcDbEntity
  8
NOMENCLATURA
100
AcDbText
 10
134.8289659751004
 20
83.4028735755041
 30
0.0
 40
0.8
  1
16.78m
 50
67.5294334098229
 72
     4
 11
135.099911152487
 21
85.07700287569241
 31
0.0
100
AcDbText
  0
TEXT
  5
5DB
330
1F
100
AcDbEntity
  8
NOMENCLATURA
100
AcDbText
 10
133.8502599502222
 20
77.24912255442619
 30
0.0
 40
0.8
  1
8.73m
 50
337.5455102456442
 72
     4
 11
135.2427456466685
 21
77.09666349408144
 31
0.0
100
AcDbText
  0
TEXT
  5
5DC
330
1F
100
AcDbEntity
  8
NOMENCLATURA
100
AcDbText
 10
147.7103113252207
 20
87.43885692207637
 30
0.0
 40
0.8
  1
8.73m
 50
337.5455102457901
 72
     4
 11
149.1027970216673
 21
87.28639786173516
 31
0.0
100
AcDbText
  0
TEXT
  5
5DD
330
1F
100
AcDbEntity
  8
NOMENCLATURA
100
AcDbText
 10
142.8970856975278
 20
80.06845456389863
 30
0.0
 40
0.8
  1
16.78m
 50
67.52943341012676
 72
     4
 11
143.1680308749055
 21
81.74258386408837
 31
0.0
100
AcDbText
  0
TEXT
  5
5DE
330
1F
100
AcDbEntity
  8
NOMENCLATURA
100
AcDbText
 10
141.9183796726373
 20
73.91470354279139
 30
0.0
 40
0.8
  1
8.73m
 50
337.5455102469105
 72
     4
 11
143.3108653690869
 21
73.76224448247739
 31
0.0
100
AcDbText
  0
TEXT
  5
5DF
330
1F
100
AcDbEntity
  8
NOMENCLATURA
100
AcDbText
 10
155.7784310475776
 20
84.10443791020872
 30
0.0
 40
0.8
  1
8.73m
 50
337.5455102470565
 72
     4
 11
157.1709167440276
 21
83.9519788498983
 31
0.0
100
AcDbText
  0
TEXT
  5
5E0
330
1F
100
AcDbEntity
  8
NOMENCLATURA
100
AcDbText
 10
150.965205419932
 20
76.73403555183121
 30
0.0
 40
0.8
  1
16.78m
 50
67.52943340963923
 72
     4
 11
151.236150597324
 21
78.40816485201867
 31
0.0
100
AcDbText
  0
TEXT
  5
5E1
330
1F
100
AcDbEntity
  8
NOMENCLATURA
100
AcDbText
 10
163.8465507699383
 20
80.77001889860824
 30
0.0
 40
0.8
  1
8.73m
 50
337.5455102469105
 72
     4
 11
165.2390364663879
 21
80.61755983829426
 31
0.0
100
AcDbText
  0
TEXT
  5
5E2
330
1F
100
AcDbEntity
  8
NOMENCLATURA
100
AcDbText
 10
159.0333251422341
 20
73.39961654022717
 30
0.0
 40
0.8
  1
16.78m
 50
67.52943340963923
 72
     4
 11
159.3042703196261
 21
75.07374584041463
 31
0.0
100
AcDbText
  0
TEXT
  5
5E3
330
1F
100
AcDbEntity
  8
NOMENCLATURA
100
AcDbText
 10
171.9146704922399
 20
77.43559988723347
 30
0.0
 40
0.8
  1
8.73m
 50
337.5455102470565
 72
     4
 11
173.30715618869
 21
77.28314082692304
 31
0.0
100
AcDbText
  0
TEXT
  5
5E4
330
1F
100
AcDbEntity
  8
NOMENCLATURA
100
AcDbText
 10
167.1014448645504
 20
70.06519752885367
 30
0.0
 40
0.8
  1
16.78m
 50
67.52943341012676
 72
     4
 11
167.3723900419281
 21
71.73932682904342
 31
0.0
100
AcDbText
  0
TEXT
  5
5E5
330
1F
100
AcDbEntity
  8
NOMENCLATURA
100
AcDbText
 10
173.4470334371594
 20
67.30543916537666
 30
0.0
 40
0.8
  1
16.78m
 50
67.5294334099431
 72
     4
 11
173.7179786145425
 21
68.97956846556553
 31
0.0
100
AcDbText
  0
TEXT
  5
5E6
330
1F
100
AcDbEntity
  8
NOMENCLATURA
100
AcDbText
 10
147.5522011683208
 20
63.65610552593945
 30
0.0
 40
0.8
  1
10.00m
 50
67.52943341008665
 72
     4
 11
147.8281138892489
 21
65.32818019129263
 31
0.0
100
AcDbText
  0
TEXT
  5
5E7
330
1F
100
AcDbEntity
  8
NOMENCLATURA
100
AcDbText
 10
155.1911207704995
 20
57.53171648888034
 30
0.0
 40
0.8
  1
24.34m
 50
337.5455102469832
 72
     4
 11
156.8658860050927
 21
57.26259601414131
 31
0.0
100
AcDbText
  0
TEXT
  5
5E8
330
1F
100
AcDbEntity
  8
NOMENCLATURA
100
AcDbText
 10
168.3242901840074
 20
54.93411568799964
 30
0.0
 40
0.8
  1
10.00m
 50
67.52943340988498
 72
     4
 11
168.6002029049414
 21
56.60619035335185
 31
0.0
100
AcDbText
  0
TEXT
  5
5E9
330
1F
100
AcDbEntity
  8
NOMENCLATURA
100
AcDbText
 10
158.0546191173592
 20
67.24586551959511
 30
0.0
 40
0.8
  1
8.73m
 50
337.5455102464243
 72
     4
 11
159.4471048138075
 21
67.09340645926932
 31
0.0
100
AcDbText
  0
TEXT
  5
5EA
330
1F
100
AcDbEntity
  8
NOMENCLATURA
100
AcDbText
 10
166.1227388396612
 20
63.91144650799107
 30
0.0
 40
0.8
  1
8.73m
 50
337.5455102464243
 72
     4
 11
167.5152245361096
 21
63.75898744766527
 31
0.0
100
AcDbText
  0
TEXT
  5
5EB
330
1F
100
AcDbEntity
  8
NOMENCLATURA
100
AcDbText
 10
177.7525435830295
 20
52.04090859310005
 30
0.0
 40
0.8
  1
8.73m
 50
67.52943340969195
 72
     4
 11
177.9053933601099
 21
53.43335145567471
 31
0.0
100
AcDbText
  0
TEXT
  5
5EC
330
1F
100
AcDbEntity
  8
NOMENCLATURA
100
AcDbText
 10
183.0944956255942
 20
47.19108776472402
 30
0.0
 40
0.8
  1
20.00m
 50
337.5455102467919
 72
     4
 11
184.7687008853973
 21
46.9206123481963
 31
0.0
100
AcDbText
  0
TEXT
  5
5ED
330
1F
100
AcDbEntity
  8
NOMENCLATURA
100
AcDbText
 10
194.2957854911686
 20
45.00195284222426
 30
0.0
 40
0.8
  1
8.73m
 50
67.52943340992299
 72
     4
 11
194.4486352682434
 21
46.39439570479953
 31
0.0
100
AcDbText
  0
TEXT
  5
5EE
330
1F
100
AcDbEntity
  8
NOMENCLATURA
100
AcDbText
 10
181.0892263271876
 20
60.10809238080076
 30
0.0
 40
0.8
  1
8.73m
 50
67.52943341004497
 72
     4
 11
181.2420761042594
 21
61.50053524337636
 31
0.0
100
AcDbText
  0
TEXT
  5
5EF
330
1F
100
AcDbEntity
  8
NOMENCLATURA
100
AcDbText
 10
185.8353364454302
 20
53.37594947523392
 30
0.0
 40
0.8
  1
20.00m
 50
337.5455102474083
 72
     4
 11
187.5095417052362
 21
53.10547405872421
 31
0.0
100
AcDbText
  0
TEXT
  5
5F0
330
1F
100
AcDbEntity
  8
NOMENCLATURA
100
AcDbText
 10
197.6324682354872
 20
53.06913662969369
 30
0.0
 40
0.8
  1
8.73m
 50
67.52943340969195
 72
     4
 11
197.7853180125676
 21
54.46157949226836
 31
0.0
100
AcDbText
  0
TEXT
  5
5F1
330
1F
100
AcDbEntity
  8
NOMENCLATURA
100
AcDbText
 10
184.4259090714536
 20
68.17527616826957
 30
0.0
 40
0.8
  1
8.73m
 50
67.52943341004497
 72
     4
 11
184.5787588485254
 21
69.56771903084518
 31
0.0
100
AcDbText
  0
TEXT
  5
5F2
330
1F
100
AcDbEntity
  8
NOMENCLATURA
100
AcDbText
 10
189.1720191895798
 20
61.44313326293556
 30
0.0
 40
0.8
  1
20.00m
 50
337.5455102474083
 72
     4
 11
190.8462244493857
 21
61.17265784642587
 31
0.0
100
AcDbText
  0
TEXT
  5
5F3
330
1F
100
AcDbEntity
  8
NOMENCLATURA
100
AcDbText
 10
200.9691509795786
 20
61.136320417861
 30
0.0
 40
0.8
  1
8.73m
 50
67.52943340969195
 72
     4
 11
201.122000756659
 21
62.52876328043567
 31
0.0
100
AcDbText
  0
TEXT
  5
5F4
330
1F
100
AcDbEntity
  8
NOMENCLATURA
100
AcDbText
 10
189.7982429518739
 20
81.16794197731918
 30
0.0
 40
0.8
  1
20.00m
 50
67.52943340988498
 72
     4
 11
190.0691881292587
 21
82.84207127750779
 31
0.0
100
AcDbText
  0
TEXT
  5
5F5
330
1F
100
AcDbEntity
  8
NOMENCLATURA
100
AcDbText
 10
192.5087019337293
 20
69.51031705040438
 30
0.0
 40
0.8
  1
20.00m
 50
337.5455102474083
 72
     4
 11
194.1829071935353
 21
69.23984163389468
 31
0.0
100
AcDbText
  0
TEXT
  5
5F6
330
1F
100
AcDbEntity
  8
NOMENCLATURA
100
AcDbText
 10
206.3414848601193
 20
74.12898622667755
 30
0.0
 40
0.8
  1
20.00m
 50
67.52943340973089
 72
     4
 11
206.6124300375086
 21
75.80311552686544
 31
0.0
100
AcDbText
  0
TEXT
  5
5F7
330
1F
100
AcDbEntity
  8
NOMENCLATURA
100
AcDbText
 10
195.4067676329783
 20
94.72398066112912
 30
0.0
 40
0.8
  1
8.73m
 50
67.52943341004497
 72
     4
 11
195.5596174100501
 21
96.11642352370473
 31
0.0
100
AcDbText
  0
TEXT
  5
5F8
330
1F
100
AcDbEntity
  8
NOMENCLATURA
100
AcDbText
 10
200.1528777510462
 20
87.99183775556228
 30
0.0
 40
0.8
  1
20.00m
 50
337.5455102474083
 72
     4
 11
201.8270830108522
 21
87.72136233905257
 31
0.0
100
AcDbText
  0
TEXT
  5
5F9
330
1F
100
AcDbEntity
  8
NOMENCLATURA
100
AcDbText
 10
211.9500095411528
 20
87.68502491048867
 30
0.0
 40
0.8
  1
8.73m
 50
67.52943340933893
 72
     4
 11
212.1028593182418
 21
89.07746777306238
 31
0.0
100
AcDbText
  0
TEXT
  5
5FA
330
1F
100
AcDbEntity
  8
NOMENCLATURA
100
AcDbText
 10
226.2977600189914
 20
72.92732607100339
 30
0.0
 40
0.8
  1
12.71m
 50
281.5570089453229
 72
     4
 11
227.0133898660279
 21
71.38892734046021
 31
0.0
100
AcDbText
  0
TEXT
  5
5FB
330
1F
100
AcDbEntity
  8
NOMENCLATURA
100
AcDbText
 10
232.7174746046666
 20
67.19778186436951
 30
0.0
 40
0.8
  1
15.00m
 50
11.55700894568776
 72
     4
 11
234.2576356669742
 21
67.90479347547443
 31
0.0
100
AcDbText
  0
TEXT
  5
5FC
330
1F
100
AcDbEntity
  8
NOMENCLATURA
100
AcDbText
 10
238.8495311717628
 20
75.93246888967732
 30
0.0
 40
0.8
  1
12.71m
 50
281.5570089450659
 72
     4
 11
239.5651610187924
 21
74.39407015913094
 31
0.0
100
AcDbText
  0
TEXT
  5
5FD
330
1F
100
AcDbEntity
  8
NOMENCLATURA
100
AcDbText
 10
230.583945947001
 20
77.63126191851078
 30
0.0
 40
0.8
  1
15.00m
 50
11.55700894564322
 72
     4
 11
232.1241070093092
 21
78.33827352961453
 31
0.0
100
AcDbText
  0
TEXT
  5
5FE
330
1F
100
AcDbEntity
  8
NOMENCLATURA
100
AcDbText
 10
236.303173490014
 20
88.38478443973878
 30
0.0
 40
0.8
  1
12.71m
 50
281.5570089453229
 72
     4
 11
237.0188033370505
 21
86.8463857091956
 31
0.0
100
AcDbText
  0
TEXT
  5
5FF
330
1F
100
AcDbEntity
  8
NOMENCLATURA
100
AcDbText
 10
198.7434503771917
 20
102.7911644488301
 30
0.0
 40
0.8
  1
8.73m
 50
67.529433410276
 72
     4
 11
198.8963001542579
 21
104.1836073114063
 31
0.0
100
AcDbText
  0
TEXT
  5
600
330
1F
100
AcDbEntity
  8
NOMENCLATURA
100
AcDbText
 10
203.4895604953111
 20
96.05902154325699
 30
0.0
 40
0.8
  1
20.00m
 50
337.545510247646
 72
     4
 11
205.1637657551182
 21
95.78854612675423
 31
0.0
100
AcDbText
  0
TEXT
  5
601
330
1F
100
AcDbEntity
  8
NOMENCLATURA
100
AcDbText
 10
219.3645626814633
 20
96.36418436836867
 30
0.0
 40
0.8
  1
10.53m
 50
281.5570089454542
 72
     4
 11
220.0768409923039
 21
94.82510028658362
 31
0.0
100
AcDbText
  0
TEXT
  5
602
330
1F
100
AcDbEntity
  8
NOMENCLATURA
100
AcDbText
 10
210.6483311482687
 20
113.3669656834461
 30
0.0
 40
0.8
  1
20.00m
 50
337.5455102467919
 72
     4
 11
212.3225364080718
 21
113.0964902669184
 31
0.0
100
AcDbText
  0
TEXT
  5
603
330
1F
100
AcDbEntity
  8
NOMENCLATURA
100
AcDbText
 10
202.1997727598499
 20
111.165504716487
 30
0.0
 40
0.8
  1
10.00m
 50
67.52943340957678
 72
     4
 11
202.4756854807929
 21
112.8375793818377
 31
0.0
100
AcDbText
  0
TEXT
  5
604
330
1F
100
AcDbEntity
  8
NOMENCLATURA
100
AcDbText
 10
210.2101732833057
 20
102.691760905587
 30
0.0
 40
0.8
  1
22.03m
 50
337.5455102468555
 72
     4
 11
211.884378543109
 21
102.4212854890611
 31
0.0
100
AcDbText
  0
TEXT
  5
605
330
1F
100
AcDbEntity
  8
NOMENCLATURA
100
AcDbText
 10
218.7303425509525
 20
104.6541349775251
 30
0.0
 40
0.8
  1
10.00m
 50
67.52943340982831
 72
     4
 11
219.0062552718882
 21
106.326209642877
 31
0.0
100
AcDbText
  0
TEXT
  5
606
330
1F
100
AcDbEntity
  8
NOMENCLATURA
100
AcDbText
 10
222.2287304245526
 20
106.7184295729297
 30
0.0
 40
0.8
  1
18.00m
 50
67.52943340982831
 72
     4
 11
222.4996756019391
 21
108.3925588731181
 31
0.0
100
AcDbText
  0
TEXT
  5
607
330
1F
100
AcDbEntity
  8
NOMENCLATURA
100
AcDbText
 10
226.3073157247921
 20
96.07500372595863
 30
0.0
 40
0.8
  1
18.10m
 50
337.5455102474685
 72
     4
 11
227.9815209845983
 21
95.80452830945068
 31
0.0
100
AcDbText
  0
TEXT
  5
608
330
1F
100
AcDbEntity
  8
NOMENCLATURA
100
AcDbText
 10
150.7656446928315
 20
169.209611700431
 30
0.0
 40
0.8
  1
12.00m
 50
67.52943340993664
 72
     4
 11
151.0365898702148
 21
170.8837410006199
 31
0.0
100
AcDbText
  0
TEXT
  5
609
330
1F
100
AcDbEntity
  8
NOMENCLATURA
100
AcDbText
 10
157.5172325213489
 20
173.2052998237955
 30
0.0
 40
0.8
  1
15.50m
 50
337.6066357270461
 72
     4
 11
159.1896774430497
 21
172.9316403639495
 31
0.0
100
AcDbText
  0
TEXT
  5
60A
330
1F
100
AcDbEntity
  8
NOMENCLATURA
100
AcDbText
 10
185.7513972237125
 20
161.5006462531811
 30
0.0
 40
0.8
  1
15.62m
 50
337.4427479121207
 72
     4
 11
187.4251146822207
 21
161.2271685173728
 31
0.0
100
AcDbText
  0
TEXT
  5
60B
330
1F
100
AcDbEntity
  8
NOMENCLATURA
100
AcDbText
 10
178.9555405345807
 20
157.5536308944296
 30
0.0
 40
0.8
  1
11.99m
 50
67.52943341029325
 72
     4
 11
179.2314532555028
 21
159.2257055597838
 31
0.0
100
AcDbText
  0
TEXT
  5
60C
330
1F
100
AcDbEntity
  8
NOMENCLATURA
100
AcDbText
 10
195.0432058116025
 20
157.516054763474
 30
0.0
 40
0.8
  1
4.44m
 50
328.6401194126299
 72
     4
 11
196.3935240732826
 21
157.1469509608105
 31
0.0
100
AcDbText
  0
TEXT
  5
60D
330
1F
100
AcDbEntity
  8
NOMENCLATURA
100
AcDbText
 10
200.1043704520061
 20
154.4252735930123
 30
0.0
 40
0.8
  1
7.42m
 50
328.6401194126823
 72
     4
 11
201.4574862849404
 21
154.0607601725023
 31
0.0
100
AcDbText
  0
TEXT
  5
60E
330
1F
100
AcDbEntity
  8
NOMENCLATURA
100
AcDbText
 10
197.3107164942153
 20
149.5809750772031
 30
0.0
 40
0.8
  1
11.27m
 50
67.529433410641
 72
     4
 11
197.5785005075013
 21
151.2564118722912
 31
0.0
100
AcDbText
  0
TEXT
  5
60F
330
1F
100
AcDbEntity
  8
NOMENCLATURA
100
AcDbText
 10
219.3213490416143
 20
137.0829281505616
 30
0.0
 40
0.8
  1
3.93m
 50
301.2298011905569
 72
     4
 11
220.3518214743672
 21
136.134644159767
 31
0.0
100
AcDbText
  0
TEXT
  5
610
330
1F
100
AcDbEntity
  8
NOMENCLATURA
100
AcDbText
 10
214.9957522786358
 20
142.118058914637
 30
0.0
 40
0.8
  1
9.86m
 50
311.4236387884926
 72
     4
 11
216.1777845850884
 21
141.3671157820608
 31
0.0
100
AcDbText
  0
TEXT
  5
611
330
1F
100
AcDbEntity
  8
NOMENCLATURA
100
AcDbText
 10
207.2533468743772
 20
149.3702972805061
 30
0.0
 40
0.8
  1
11.19m
 50
319.567663906374
 72
     4
 11
208.7588421841356
 21
148.5921935673796
 31
0.0
100
AcDbText
  0
TEXT
  5
612
330
1F
100
AcDbEntity
  8
NOMENCLATURA
100
AcDbText
 10
222.4580493918445
 20
132.1157451600368
 30
0.0
 40
0.8
  1
7.71m
 50
303.5994315123633
 72
     4
 11
223.5252202604752
 21
131.2097962861408
 31
0.0
100
AcDbText
  0
TEXT
  5
613
330
1F
100
AcDbEntity
  8
NOMENCLATURA
100
AcDbText
 10
222.2152142046354
 20
119.5007844337179
 30
0.0
 40
0.8
  1
16.93m
 50
337.5455102467206
 72
     4
 11
223.8894194644381
 21
119.2303090171881
 31
0.0
100
AcDbText
  0
TEXT
  5
614
330
1F
100
AcDbEntity
  8
NOMENCLATURA
100
AcDbText
 10
226.7973974461199
 20
115.3454173211898
 30
0.0
 40
0.8
  1
7.72m
 50
337.5455102467206
 72
     4
 11
228.1906297756214
 21
115.1947648499153
 31
0.0
100
AcDbText
  0
TEXT
  5
615
330
1F
100
AcDbEntity
  8
NOMENCLATURA
100
AcDbText
 10
229.2858748711436
 20
118.7557458440758
 30
0.0
 40
0.8
  1
6.93m
 50
288.6622082764689
 72
     4
 11
230.0853189055197
 21
117.60596099561
 31
0.0
100
AcDbText
  0
TEXT
  5
616
330
1F
100
AcDbEntity
  8
NOMENCLATURA
100
AcDbText
 10
226.377609580698
 20
125.5103972012867
 30
0.0
 40
0.8
  1
8.11m
 50
295.0539453168868
 72
     4
 11
227.3014129134099
 21
124.4573788812376
 31
0.0
100
AcDbText
  0
TEXT
  5
617
330
1F
100
AcDbEntity
  8
NOMENCLATURA
100
AcDbText
 10
144.9154559659826
 20
107.7892401458717
 30
0.0
 40
0.8
  1
20.00m
 50
67.52943340998583
 72
     4
 11
145.1864011433645
 21
109.4633694460608
 31
0.0
100
AcDbText
  0
TEXT
  5
618
330
1F
100
AcDbEntity
  8
NOMENCLATURA
100
AcDbText
 10
143.2787744607284
 20
100.1727760179956
 30
0.0
 40
0.8
  1
8.73m
 50
337.5455102469105
 72
     4
 11
144.671260157178
 21
100.0203169576816
 31
0.0
100
AcDbText
  0
TEXT
  5
619
330
1F
100
AcDbEntity
  8
NOMENCLATURA
100
AcDbText
 10
158.4121574694958
 20
113.3129859091269
 30
0.0
 40
0.8
  1
8.73m
 50
337.5455102470565
 72
     4
 11
159.8046431659459
 21
113.1605268488165
 31
0.0
100
AcDbText
  0
TEXT
  5
61A
330
1F
100
AcDbEntity
  8
NOMENCLATURA
100
AcDbText
 10
152.9835756883354
 20
104.4548211338032
 30
0.0
 40
0.8
  1
20.00m
 50
67.52943340973089
 72
     4
 11
153.2545208657247
 21
106.1289504339911
 31
0.0
100
AcDbText
  0
TEXT
  5
61B
330
1F
100
AcDbEntity
  8
NOMENCLATURA
100
AcDbText
 10
151.3468941831465
 20
96.83835700662086
 30
0.0
 40
0.8
  1
8.73m
 50
337.5455102470565
 72
     4
 11
152.7393798795965
 21
96.68589794631044
 31
0.0
100
AcDbText
  0
TEXT
  5
61C
330
1F
100
AcDbEntity
  8
NOMENCLATURA
100
AcDbText
 10
161.0516954108121
 20
101.120402122432
 30
0.0
 40
0.8
  1
20.00m
 50
67.52943340973089
 72
     4
 11
161.3226405882014
 21
102.7945314226199
 31
0.0
100
AcDbText
  0
TEXT
  5
61D
330
1F
100
AcDbEntity
  8
NOMENCLATURA
100
AcDbText
 10
159.415013905565
 20
93.50393799501683
 30
0.0
 40
0.8
  1
8.73m
 50
337.5455102470565
 72
     4
 11
160.807499602015
 21
93.35147893470638
 31
0.0
100
AcDbText
  0
TEXT
  5
61E
330
1F
100
AcDbEntity
  8
NOMENCLATURA
100
AcDbText
 10
169.1198151331142
 20
97.78598311082799
 30
0.0
 40
0.8
  1
20.00m
 50
67.52943340973089
 72
     4
 11
169.3907603105035
 21
99.46011241101587
 31
0.0
100
AcDbText
  0
TEXT
  5
61F
330
1F
100
AcDbEntity
  8
NOMENCLATURA
100
AcDbText
 10
167.4831336276958
 20
90.16951898274506
 30
0.0
 40
0.8
  1
8.73m
 50
337.5455102457901
 72
     4
 11
168.8756193241424
 21
90.01705992240387
 31
0.0
100
AcDbText
  0
TEXT
  5
620
330
1F
100
AcDbEntity
  8
NOMENCLATURA
100
AcDbText
 10
176.9251494308887
 20
94.60328333433912
 30
0.0
 40
0.8
  1
20.00m
 50
67.52943341003906
 72
     4
 11
177.196094608269
 21
96.27741263452845
 31
0.0
100
AcDbText
  0
TEXT
  5
621
330
1F
100
AcDbEntity
  8
NOMENCLATURA
100
AcDbText
 10
175.5512533502273
 20
86.83509997134308
 30
0.0
 40
0.8
  1
8.73m
 50
337.5455102470565
 72
     4
 11
176.9437390466773
 21
86.68264091103266
 31
0.0
100
AcDbText
  0
TEXT
  5
622
330
1F
100
AcDbEntity
  8
NOMENCLATURA
100
AcDbText
 10
183.7146555696523
 20
92.60242183930506
 30
0.0
 40
0.8
  1
20.00m
 50
67.52943340988498
 72
     4
 11
183.9856007470371
 21
94.27655113949368
 31
0.0
100
AcDbText
  0
TEXT
  5
623
330
1F
100
AcDbEntity
  8
NOMENCLATURA
100
AcDbText
 10
150.6224487151548
 20
163.0673165743923
 30
0.0
 40
0.8
  1
10.51m
 50
337.5455102470439
 72
     4
 11
152.2946007340651
 21
162.7918730380006
 31
0.0
100
AcDbText
  0
TEXT
  5
624
330
1F
100
AcDbEntity
  8
NOMENCLATURA
100
AcDbText
 10
145.6021281773453
 20
156.7397096575339
 30
0.0
 40
0.8
  1
15.00m
 50
67.52943340966798
 72
     4
 11
145.8780408982857
 21
158.4117843228851
 31
0.0
100
AcDbText
  0
TEXT
  5
625
330
1F
100
AcDbEntity
  8
NOMENCLATURA
100
AcDbText
 10
145.9238379555245
 20
150.9992971296347
 30
0.0
 40
0.8
  1
10.51m
 50
337.5294334098127
 72
     4
 11
147.5959126208763
 21
150.7233844086986
 31
0.0
100
AcDbText
  0
TEXT
  5
626
330
1F
100
AcDbEntity
  8
NOMENCLATURA
100
AcDbText
 10
155.3147305000982
 20
152.7240579921377
 30
0.0
 40
0.8
  1
15.00m
 50
67.52943340988498
 72
     4
 11
155.5906432210322
 21
154.3961326574899
 31
0.0
100
AcDbText
  0
TEXT
  5
627
330
1F
100
AcDbEntity
  8
NOMENCLATURA
100
AcDbText
 10
155.4009558295981
 20
147.0804661122188
 30
0.0
 40
0.8
  1
10.00m
 50
337.5455102476631
 72
     4
 11
157.0731078485114
 21
146.8050225758452
 31
0.0
100
AcDbText
  0
TEXT
  5
628
330
1F
100
AcDbEntity
  8
NOMENCLATURA
100
AcDbText
 10
169.3417803277942
 20
155.3309297379075
 30
0.0
 40
0.8
  1
10.00m
 50
337.5455102463029
 72
     4
 11
171.013932346701
 21
155.0554862014942
 31
0.0
100
AcDbText
  0
TEXT
  5
629
330
1F
100
AcDbEntity
  8
NOMENCLATURA
100
AcDbText
 10
164.5565629426216
 20
148.9045631332879
 30
0.0
 40
0.8
  1
15.00m
 50
67.52943340988498
 72
     4
 11
164.8324756635556
 21
150.5766377986401
 31
0.0
100
AcDbText
  0
TEXT
  5
62A
330
1F
100
AcDbEntity
  8
NOMENCLATURA
100
AcDbText
 10
164.6427879451691
 20
143.2609713311344
 30
0.0
 40
0.8
  1
10.00m
 50
337.5455102476631
 72
     4
 11
166.3149399640824
 21
142.9855277947608
 31
0.0
100
AcDbText
  0
TEXT
  5
62B
330
1F
100
AcDbEntity
  8
NOMENCLATURA
100
AcDbText
 10
178.5836127704923
 20
151.5114348790577
 30
0.0
 40
0.8
  1
10.00m
 50
337.5455102463029
 72
     4
 11
180.2557647893991
 21
151.2359913426444
 31
0.0
100
AcDbText
  0
TEXT
  5
62C
330
1F
100
AcDbEntity
  8
NOMENCLATURA
100
AcDbText
 10
173.7983953854361
 20
145.0850682742053
 30
0.0
 40
0.8
  1
15.00m
 50
67.52943340988498
 72
     4
 11
174.0743081063701
 21
146.7571429395575
 31
0.0
100
AcDbText
  0
TEXT
  5
62D
330
1F
100
AcDbEntity
  8
NOMENCLATURA
100
AcDbText
 10
173.8846203878672
 20
139.4414764722846
 30
0.0
 40
0.8
  1
10.00m
 50
337.5455102476631
 72
     4
 11
175.5567724067805
 21
139.166032935911
 31
0.0
100
AcDbText
  0
TEXT
  5
62E
330
1F
100
AcDbEntity
  8
NOMENCLATURA
100
AcDbText
 10
187.8254452131321
 20
147.6919400202079
 30
0.0
 40
0.8
  1
10.00m
 50
337.5455102463029
 72
     4
 11
189.497597232039
 21
147.4164964837946
 31
0.0
100
AcDbText
  0
TEXT
  5
62F
330
1F
100
AcDbEntity
  8
NOMENCLATURA
100
AcDbText
 10
183.0402278281924
 20
141.2655734155883
 30
0.0
 40
0.8
  1
15.00m
 50
67.52943340988498
 72
     4
 11
183.3161405491264
 21
142.9376480809405
 31
0.0
100
AcDbText
  0
TEXT
  5
630
330
1F
100
AcDbEntity
  8
NOMENCLATURA
100
AcDbText
 10
183.1264528304488
 20
135.6219816134348
 30
0.0
 40
0.8
  1
10.00m
 50
337.5455102476631
 72
     4
 11
184.7986048493621
 21
135.3465380770612
 31
0.0
100
AcDbText
  0
TEXT
  5
631
330
1F
100
AcDbEntity
  8
NOMENCLATURA
100
AcDbText
 10
197.0672776557138
 20
143.8724451613581
 30
0.0
 40
0.8
  1
10.00m
 50
337.5455102463029
 72
     4
 11
198.7394296746206
 21
143.5970016249448
 31
0.0
100
AcDbText
  0
TEXT
  5
632
330
1F
100
AcDbEntity
  8
NOMENCLATURA
100
AcDbText
 10
192.2820602707158
 20
137.4460785565057
 30
0.0
 40
0.8
  1
15.00m
 50
67.52943340988498
 72
     4
 11
192.5579729916498
 21
139.1181532218579
 31
0.0
100
AcDbText
  0
TEXT
  5
633
330
1F
100
AcDbEntity
  8
NOMENCLATURA
100
AcDbText
 10
192.3682852732633
 20
131.8024867548179
 30
0.0
 40
0.8
  1
10.00m
 50
337.5455102476631
 72
     4
 11
194.0404372921766
 21
131.5270432184443
 31
0.0
100
AcDbText
  0
TEXT
  5
634
330
1F
100
AcDbEntity
  8
NOMENCLATURA
100
AcDbText
 10
206.3091100986447
 20
140.0529503027412
 30
0.0
 40
0.8
  1
10.00m
 50
337.5455102463029
 72
     4
 11
207.9812621175515
 21
139.7775067663278
 31
0.0
100
AcDbText
  0
TEXT
  5
635
330
1F
100
AcDbEntity
  8
NOMENCLATURA
100
AcDbText
 10
201.5238927135304
 20
133.6265836978888
 30
0.0
 40
0.8
  1
15.00m
 50
67.52943340988498
 72
     4
 11
201.7998054344644
 21
135.2986583632409
 31
0.0
100
AcDbText
  0
TEXT
  5
636
330
1F
100
AcDbEntity
  8
NOMENCLATURA
100
AcDbText
 10
201.6101177159614
 20
127.9829918959681
 30
0.0
 40
0.8
  1
10.00m
 50
337.5455102476631
 72
     4
 11
203.2822697348747
 21
127.7075483595945
 31
0.0
100
AcDbText
  0
TEXT
  5
637
330
1F
100
AcDbEntity
  8
NOMENCLATURA
100
AcDbText
 10
215.5509425413428
 20
136.2334554436585
 30
0.0
 40
0.8
  1
10.00m
 50
337.5455102463029
 72
     4
 11
217.2230945602496
 21
135.9580119072452
 31
0.0
100
AcDbText
  0
TEXT
  5
638
330
1F
100
AcDbEntity
  8
NOMENCLATURA
100
AcDbText
 10
210.7657251562284
 20
129.8070888390389
 30
0.0
 40
0.8
  1
15.00m
 50
67.52943340988498
 72
     4
 11
211.0416378771624
 21
131.4791635043912
 31
0.0
100
AcDbText
  0
TEXT
  5
639
330
1F
100
AcDbEntity
  8
NOMENCLATURA
100
AcDbText
 10
210.8519501584272
 20
124.1634970368892
 30
0.0
 40
0.8
  1
10.00m
 50
337.5455102475357
 72
     4
 11
212.5241021773399
 21
123.8880535005119
 31
0.0
100
AcDbText
  0
TEXT
  5
63A
330
1F
100
AcDbEntity
  8
NOMENCLATURA
100
AcDbText
 10
219.8389131148422
 20
125.3666731011229
 30
0.0
 40
0.8
  1
15.00m
 50
67.52943340954505
 72
     4
 11
220.1148258357862
 21
127.0387477664735
 31
0.0
100
AcDbText
  0
TEXT
  5
63B
330
1F
100
AcDbEntity
  8
NOMENCLATURA
100
AcDbText
 10
149.9200938419761
 20
138.4633446374964
 30
0.0
 40
0.8
  1
8.73m
 50
337.5455102469105
 72
     4
 11
151.3125795384258
 21
138.3108855771825
 31
0.0
100
AcDbText
  0
TEXT
  5
63C
330
1F
100
AcDbEntity
  8
NOMENCLATURA
100
AcDbText
 10
144.4915120609899
 20
129.6051798621692
 30
0.0
 40
0.8
  1
20.00m
 50
67.52943340973089
 72
     4
 11
144.7624572383793
 21
131.2793091623571
 31
0.0
100
AcDbText
  0
TEXT
  5
63D
330
1F
100
AcDbEntity
  8
NOMENCLATURA
100
AcDbText
 10
142.27591802431
 20
119.9818239328042
 30
0.0
 40
0.8
  1
8.73m
 50
337.5455102469105
 72
     4
 11
143.6684037207596
 21
119.8293648724902
 31
0.0
100
AcDbText
  0
TEXT
  5
63E
330
1F
100
AcDbEntity
  8
NOMENCLATURA
100
AcDbText
 10
157.9882135642816
 20
135.1289256254575
 30
0.0
 40
0.8
  1
8.73m
 50
337.5455102456442
 72
     4
 11
159.3806992607278
 21
134.9764665651128
 31
0.0
100
AcDbText
  0
TEXT
  5
63F
330
1F
100
AcDbEntity
  8
NOMENCLATURA
100
AcDbText
 10
152.5596317833502
 20
126.2707608505651
 30
0.0
 40
0.8
  1
20.00m
 50
67.52943340973089
 72
     4
 11
152.8305769607395
 21
127.944890150753
 31
0.0
100
AcDbText
  0
TEXT
  5
640
330
1F
100
AcDbEntity
  8
NOMENCLATURA
100
AcDbText
 10
150.3440377471393
 20
116.6474049205325
 30
0.0
 40
0.8
  1
8.73m
 50
337.5455102456442
 72
     4
 11
151.7365234435856
 21
116.4949458601877
 31
0.0
100
AcDbText
  0
TEXT
  5
641
330
1F
100
AcDbEntity
  8
NOMENCLATURA
100
AcDbText
 10
166.0563332868127
 20
131.7945066142848
 30
0.0
 40
0.8
  1
8.73m
 50
337.5455102470565
 72
     4
 11
167.4488189832627
 21
131.6420475539744
 31
0.0
100
AcDbText
  0
TEXT
  5
642
330
1F
100
AcDbEntity
  8
NOMENCLATURA
100
AcDbText
 10
160.6277515055986
 20
122.9363418387275
 30
0.0
 40
0.8
  1
20.00m
 50
67.52943340988498
 72
     4
 11
160.8986966829834
 21
124.6104711389162
 31
0.0
100
AcDbText
  0
TEXT
  5
643
330
1F
100
AcDbEntity
  8
NOMENCLATURA
100
AcDbText
 10
158.4121574693794
 20
113.3129859088941
 30
0.0
 40
0.8
  1
8.73m
 50
337.5455102470565
 72
     4
 11
159.8046431658294
 21
113.1605268485837
 31
0.0
100
AcDbText
  0
TEXT
  5
644
330
1F
100
AcDbEntity
  8
NOMENCLATURA
100
AcDbText
 10
174.1244530090566
 20
128.4600876022151
 30
0.0
 40
0.8
  1
8.73m
 50
337.5455102470565
 72
     4
 11
175.5169387055066
 21
128.3076285419047
 31
0.0
100
AcDbText
  0
TEXT
  5
645
330
1F
100
AcDbEntity
  8
NOMENCLATURA
100
AcDbText
 10
168.6958712280753
 20
119.6019228271235
 30
0.0
 40
0.8
  1
20.00m
 50
67.52943340988498
 72
     4
 11
168.9668164054601
 21
121.2760521273121
 31
0.0
100
AcDbText
  0
TEXT
  5
646
330
1F
100
AcDbEntity
  8
NOMENCLATURA
100
AcDbText
 10
166.4802771918565
 20
109.9785668975264
 30
0.0
 40
0.8
  1
8.73m
 50
337.5455102469105
 72
     4
 11
167.8727628883061
 21
109.8261078372124
 31
0.0
100
AcDbText
  0
TEXT
  5
647
330
1F
100
AcDbEntity
  8
NOMENCLATURA
100
AcDbText
 10
182.1925727314168
 20
125.1256685908439
 30
0.0
 40
0.8
  1
8.73m
 50
337.5455102470565
 72
     4
 11
183.5850584278669
 21
124.9732095305335
 31
0.0
100
AcDbText
  0
TEXT
  5
648
330
1F
100
AcDbEntity
  8
NOMENCLATURA
100
AcDbText
 10
176.763990950431
 20
116.2675038155202
 30
0.0
 40
0.8
  1
20.00m
 50
67.52943340973089
 72
     4
 11
177.0349361278204
 21
117.9416331157081
 31
0.0
100
AcDbText
  0
TEXT
  5
649
330
1F
100
AcDbEntity
  8
NOMENCLATURA
100
AcDbText
 10
174.5483969140452
 20
106.6441478857168
 30
0.0
 40
0.8
  1
8.73m
 50
337.5455102457901
 72
     4
 11
175.9408826104918
 21
106.4916888253756
 31
0.0
100
AcDbText
  0
TEXT
  5
64A
330
1F
100
AcDbEntity
  8
NOMENCLATURA
100
AcDbText
 10
190.2606924537189
 20
121.7912495787742
 30
0.0
 40
0.8
  1
8.73m
 50
337.5455102470565
 72
     4
 11
191.653178150169
 21
121.6387905184638
 31
0.0
100
AcDbText
  0
TEXT
  5
64B
330
1F
100
AcDbEntity
  8
NOMENCLATURA
100
AcDbText
 10
184.8321106727406
 20
112.9330848036821
 30
0.0
 40
0.8
  1
20.00m
 50
67.52943340998583
 72
     4
 11
185.1030558501225
 21
114.6072141038712
 31
0.0
100
AcDbText
  0
TEXT
  5
64C
330
1F
100
AcDbEntity
  8
NOMENCLATURA
100
AcDbText
 10
182.616516636402
 20
103.3097288738491
 30
0.0
 40
0.8
  1
8.73m
 50
337.5455102470565
 72
     4
 11
184.0090023328521
 21
103.1572698135387
 31
0.0
100
AcDbText
  0
TEXT
  5
64D
330
1F
100
AcDbEntity
  8
NOMENCLATURA
100
AcDbText
 10
191.3481765550848
 20
111.184139786104
 30
0.0
 40
0.8
  1
20.00m
 50
67.52943340998583
 72
     4
 11
191.6191217324667
 21
112.8582690862931
 31
0.0
100
AcDbText
  0
TEXT
  5
64E
330
1F
100
AcDbEntity
  8
NOMENCLATURA
100
AcDbText
 10
207.4634015278483
 20
96.98843544815858
 30
0.0
 40
0.8
  1
27.92m
 50
337.545510247646
 72
     4
 11
209.1376067876554
 21
96.71796003165582
 31
0.0
100
AcDbText
  0
LWPOLYLINE
  5
64F
330
1F
100
AcDbEntity
  8
LOTES
100
AcDbPolyline
 90
        4
 70
     1
 43
0.0
 10
232.1411698444135
 20
114.6441092174027
 10
225.0039886484592
 20
117.5937868980218
 10
218.1242304129264
 20
100.9604182636358
 10
236.7253503459942
 20
93.27288633859643
  0
LWPOLYLINE
  5
650
330
1F
100
AcDbEntity
  8
LOTES
100
AcDbPolyline
 90
        4
 70
     1
 43
0.0
 10
221.9463183215558
 20
110.2011786160983
 10
203.462653436276
 20
117.8401683335651
 10
199.6405655275885
 20
108.5994079811025
 10
218.1242304129264
 20
100.9604182636358
  0
LWPOLYLINE
  5
651
330
1F
100
AcDbEntity
  8
LOTES
100
AcDbPolyline
 90
        5
 70
     1
 43
0.0
 10
218.1242304129264
 20
100.9604182636358
 10
199.6405655275885
 20
108.5994079811025
 10
196.3038827833225
 20
100.532224193168
 10
222.1115431192884
 20
89.86634958693684
 10
220.0015905647742
 20
100.184536695433
  0
LWPOLYLINE
  5
652
330
1F
100
AcDbEntity
  8
LOTES
100
AcDbPolyline
 90
        5
 70
     1
 43
0.0
 10
236.7253503459942
 20
93.27288633859643
 10
220.0015905647742
 20
100.184536695433
 10
222.1115431192884
 20
89.86634958693684
 10
224.5758202817378
 20
77.81542796986105
 10
239.2717080276197
 20
80.82057078853177
  0
LWPOLYLINE
  5
653
330
1F
100
AcDbEntity
  8
LOTES
100
AcDbPolyline
 90
        4
 70
     1
 43
0.0
 10
239.2717080276197
 20
80.82057078853177
 10
224.5758202817378
 20
77.81542796986105
 10
227.1221779633634
 20
65.36311241979638
 10
241.8180657091871
 20
68.3682552384671
  0
LWPOLYLINE
  5
654
330
1F
100
AcDbEntity
  8
LOTES
100
AcDbPolyline
 90
        4
 70
     1
 43
0.0
 10
214.7875476686604
 20
92.89323447593416
 10
196.3038827832642
 20
100.532224193168
 10
192.9672000390564
 20
92.46504040546643
 10
211.4508649243362
 20
84.8260506882325
  0
LWPOLYLINE
  5
655
330
1F
100
AcDbEntity
  8
LOTES
100
AcDbPolyline
 90
        4
 70
     1
 43
0.0
 10
211.4508649243944
 20
84.8260506882325
 10
192.9672000390564
 20
92.46504040546643
 10
185.3230242217978
 20
73.98351970054136
 10
203.8066891070775
 20
66.34452998330743
  0
LWPOLYLINE
  5
656
330
1F
100
AcDbEntity
  8
LOTES
100
AcDbPolyline
 90
        4
 70
     1
 43
0.0
 10
185.3230242217978
 20
73.98351970054136
 10
181.98634147759
 20
65.91633591283971
 10
200.4700063628698
 20
58.27734619560579
 10
203.8066891071358
 20
66.34452998330743
  0
LWPOLYLINE
  5
657
330
1F
100
AcDbEntity
  8
LOTES
100
AcDbPolyline
 90
        4
 70
     1
 43
0.0
 10
200.4700063628698
 20
58.27734619560579
 10
181.9863414775318
 20
65.91633591283971
 10
178.649658733324
 20
57.84915212513806
 10
197.1333236186037
 20
50.21016240790413
  0
LWPOLYLINE
  5
658
330
1F
100
AcDbEntity
  8
LOTES
100
AcDbPolyline
 90
        4
 70
     1
 43
0.0
 10
197.1333236186619
 20
50.21016240790413
 10
178.649658733324
 20
57.84915212513806
 10
175.312975989058
 20
49.78196833743641
 10
193.7966408743377
 20
42.14297861996965
  0
TEXT
  5
659
330
1F
100
AcDbEntity
  8
NOMENCLATURA
100
AcDbText
 10
226.3073157247921
 20
98.65173838522062
 30
0.0
 40
0.8
  1
20.13m
 50
337.5455102474685
 72
     4
 11
227.9815209845983
 21
98.38126296871269
 31
0.0
100
AcDbText
  0
TEXT
  5
65A
330
1F
100
AcDbEntity
  8
NOMENCLATURA
370
    60
100
AcDbText
 10
232.7284918052982
 20
105.2809467298018
 30
0.0
 40
0.8
  1
21.86m
 50
282.1066315481095
 72
     4
 11
233.4555011268094
 21
103.7487660455044
 31
0.0
100
AcDbText
  0
TEXT
  5
65B
330
1F
100
AcDbEntity
  8
NOMENCLATURA
100
AcDbText
 10
222.8080819063317
 20
90.44527115059533
 30
0.0
 40
0.8
  1
22.83m
 50
281.5570089450775
 72
     4
 11
223.5217965898191
 21
88.9064807907671
 31
0.0
100
AcDbText
  0
TEXT
  5
65C
330
1F
100
AcDbEntity
  8
NOMENCLATURA
370
    60
100
AcDbText
 10
231.1210223542377
 20
70.9174687711623
 30
0.0
 40
0.8
  1
273.440V2
 72
     4
 11
233.6673876566201
 21
71.30476260133946
 31
0.0
100
AcDbText
  0
TEXT
  5
65D
330
1F
100
AcDbEntity
  8
NOMENCLATURA
370
    60
100
AcDbText
 10
226.8959657497555
 20
86.74822157510636
 30
0.0
 40
0.8
  1
382.321V2
 72
     4
 11
229.4423310521379
 21
87.13551540528351
 31
0.0
100
AcDbText
  0
TEXT
  5
65E
330
1F
100
AcDbEntity
  8
NOMENCLATURA
370
    60
100
AcDbText
 10
225.8452193474015
 20
104.9245315956053
 30
0.0
 40
0.8
  1
362.757V2
 72
     4
 11
228.3915846497839
 21
105.3118254257824
 31
0.0
100
AcDbText
  0
TEXT
  5
65F
330
1F
100
AcDbEntity
  8
NOMENCLATURA
370
    60
100
AcDbText
 10
209.3385010511931
 20
107.8334551791761
 30
0.0
 40
0.8
  1
286.850V2
 72
     4
 11
211.8848663535755
 21
108.2207490093533
 31
0.0
100
AcDbText
  0
TEXT
  5
660
330
1F
100
AcDbEntity
  8
NOMENCLATURA
370
    60
100
AcDbText
 10
206.158516931938
 20
98.54663261101661
 30
0.0
 40
0.8
  1
312.751V2
 72
     4
 11
208.7048822343204
 21
98.93392644119376
 31
0.0
100
AcDbText
  0
TEXT
  5
661
330
1F
100
AcDbEntity
  8
NOMENCLATURA
370
    60
100
AcDbText
 10
201.7155496557909
 20
89.71064383775075
 30
0.0
 40
0.8
  1
250.420V2
 72
     4
 11
204.2619149581733
 21
90.09793766792791
 31
0.0
100
AcDbText
  0
TEXT
  5
662
330
1F
100
AcDbEntity
  8
NOMENCLATURA
370
    60
100
AcDbText
 10
196.9797523279641
 20
77.75085347337728
 30
0.0
 40
0.8
  1
573.700V2
 72
     4
 11
199.5261176303465
 21
78.13814730355443
 31
0.0
100
AcDbText
  0
TEXT
  5
663
330
1F
100
AcDbEntity
  8
NOMENCLATURA
370
    60
100
AcDbText
 10
191.0106888768579
 20
63.60141689545555
 30
0.0
 40
0.8
  1
250.420V2
 72
     4
 11
193.5570541792403
 21
63.9887107256327
 31
0.0
100
AcDbText
  0
TEXT
  5
664
330
1F
100
AcDbEntity
  8
NOMENCLATURA
370
    60
100
AcDbText
 10
188.1780385093963
 20
55.45163291069759
 30
0.0
 40
0.8
  1
250.420V2
 72
     4
 11
190.7244038117787
 21
55.83892674087474
 31
0.0
100
AcDbText
  0
TEXT
  5
665
330
1F
100
AcDbEntity
  8
NOMENCLATURA
370
    60
100
AcDbText
 10
184.1280352583355
 20
48.18491865956304
 30
0.0
 40
0.8
  1
250.420V2
 72
     4
 11
186.6744005607179
 21
48.5722124897402
 31
0.0
100
AcDbText
  0
TEXT
  5
666
330
1F
100
AcDbEntity
  8
NOMENCLATURA
370
    60
100
AcDbText
 10
224.4359462558425
 20
106.4451439513016
 30
0.0
 40
0.8
  1
A=250.65m2
 72
     4
 11
227.2694221263373
 21
106.8383021675508
 31
0.0
100
AcDbText
  0
LWPOLYLINE
  5
667
330
1F
100
AcDbEntity
  8
LOTES
100
AcDbPolyline
 90
        4
 70
     1
 43
0.0
 10
148.8150818446738
 20
70.33076914348566
 10
144.9929939359863
 20
61.0900087907903
 10
167.4876141013665
 20
51.79335830472337
 10
171.3097020099958
 20
61.0341186571859
  0
LWPOLYLINE
  5
668
330
1F
100
AcDbEntity
  8
LOTES
100
AcDbPolyline
 90
        4
 70
     1
 43
0.0
 10
177.7231655206851
 20
76.54011452868508
 10
169.6550457983248
 20
79.87453354028912
 10
163.2415822876937
 20
64.36853766878994
 10
171.3097020099958
 20
61.0341186571859
  0
LWPOLYLINE
  5
669
330
1F
100
AcDbEntity
  8
LOTES
100
AcDbPolyline
 90
        4
 70
     1
 43
0.0
 10
169.6550457983248
 20
79.87453354028912
 10
161.5869260760228
 20
83.20895255189316
 10
155.1734625653334
 20
67.70295668062681
 10
163.2415822876937
 20
64.36853766878994
  0
LWPOLYLINE
  5
66A
330
1F
100
AcDbEntity
  8
LOTES
100
AcDbPolyline
 90
        4
 70
     1
 43
0.0
 10
161.5869260760228
 20
83.20895255189316
 10
153.5188063536625
 20
86.5433715634972
 10
147.1053428429732
 20
71.03737569223085
 10
155.1734625653334
 20
67.70295668062681
  0
LWPOLYLINE
  5
66B
330
1F
100
AcDbEntity
  8
LOTES
100
AcDbPolyline
 90
        4
 70
     1
 43
0.0
 10
153.5188063537207
 20
86.5433715634972
 10
145.4506866313022
 20
89.87779057533407
 10
139.0372231206711
 20
74.37179470383489
 10
147.1053428429732
 20
71.03737569223085
  0
LWPOLYLINE
  5
66C
330
1F
100
AcDbEntity
  8
LOTES
100
AcDbPolyline
 90
        4
 70
     1
 43
0.0
 10
145.4506866313022
 20
89.87779057533407
 10
137.3825669089419
 20
93.21220958693812
 10
130.9691033983108
 20
77.70621371567177
 10
139.0372231206711
 20
74.37179470383489
  0
LWPOLYLINE
  5
66D
330
1F
100
AcDbEntity
  8
LOTES
100
AcDbPolyline
 90
        5
 70
     1
 43
0.0
 10
137.3825669089419
 20
93.21220958693812
 10
132.7533243940997
 20
95.12539813429976
 10
121.852137246271
 20
94.03654636600913
 10
123.1685117073211
 20
80.93006786396655
 10
130.9691033982526
 20
77.70621371567177
  0
LWPOLYLINE
  5
66E
330
1F
100
AcDbEntity
  8
LOTES
100
AcDbPolyline
 90
        7
 70
     1
 43
0.0
 10
139.0372231206711
 20
74.37179470383489
 10
130.9691033983108
 20
77.70621371567177
 10
123.1685117073211
 20
80.93006786396655
 10
124.3023399547528
 20
69.64111020876953
 10
144.9929939360445
 20
61.0900087907903
 10
148.8150818446738
 20
70.33076914348566
 10
147.1053428429732
 20
71.03737569223085
  0
TEXT
  5
66F
330
1F
100
AcDbEntity
  8
NOMENCLATURA
100
AcDbText
 10
149.9864993949394
 20
70.58028453118734
 30
0.0
 40
0.8
  1
8.73m
 50
337.5455102469105
 72
     4
 11
151.378985091389
 21
70.42782547087336
 31
0.0
100
AcDbText
  0
TEXT
  5
670
330
1F
100
AcDbEntity
  8
NOMENCLATURA
100
AcDbText
 10
158.1571558912708
 20
64.97635334322346
 30
0.0
 40
0.8
  1
24.34m
 50
337.5455102469832
 72
     4
 11
159.831921125864
 21
64.70723286848443
 31
0.0
100
AcDbText
  0
TEXT
  5
671
330
1F
100
AcDbEntity
  8
NOMENCLATURA
100
AcDbText
 10
135.3163437189864
 20
74.49756407170433
 30
0.0
 40
0.8
  1
27.75m
 50
337.5455102468919
 72
     4
 11
136.9918555866316
 21
74.23025018600674
 31
0.0
100
AcDbText
  0
TEXT
  5
672
330
1F
100
AcDbEntity
  8
NOMENCLATURA
370
    60
100
AcDbText
 10
134.0327256998945
 20
68.62702788627785
 30
0.0
 40
0.8
  1
359.556V2
 72
     4
 11
136.579091002277
 21
69.01432171645502
 31
0.0
100
AcDbText
  0
TEXT
  5
673
330
1F
100
AcDbEntity
  8
NOMENCLATURA
370
    60
100
AcDbText
 10
155.8913133579855
 20
59.5657406657104
 30
0.0
 40
0.8
  1
349.096V2
 72
     4
 11
158.4376786603679
 21
59.95303449588755
 31
0.0
100
AcDbText
  0
TEXT
  5
674
330
1F
100
AcDbEntity
  8
NOMENCLATURA
370
    60
100
AcDbText
 10
135.4717427390944
 20
80.94692892680024
 30
0.0
 40
0.8
  1
210.102V2
 72
     4
 11
138.0181080414768
 21
81.33422275697739
 31
0.0
100
AcDbText
  0
TEXT
  5
675
330
1F
100
AcDbEntity
  8
NOMENCLATURA
370
    60
100
AcDbText
 10
127.808175605148
 20
86.47981241257941
 30
0.0
 40
0.8
  1
265.331V2
 72
     4
 11
130.3545409075304
 21
86.86710624275656
 31
0.0
100
AcDbText
  0
TEXT
  5
676
330
1F
100
AcDbEntity
  8
NOMENCLATURA
370
    60
100
AcDbText
 10
142.8196659647294
 20
78.98211330265103
 30
0.0
 40
0.8
  1
A=146.49m2
 72
     4
 11
145.6531418352242
 21
79.37527151890026
 31
0.0
100
AcDbText
  0
TEXT
  5
677
330
1F
100
AcDbEntity
  8
NOMENCLATURA
370
    60
100
AcDbText
 10
143.5398624615129
 20
77.61250991496337
 30
0.0
 40
0.8
  1
210.102V2
 72
     4
 11
146.0862277638953
 21
77.99980374514053
 31
0.0
100
AcDbText
  0
TEXT
  5
678
330
1F
100
AcDbEntity
  8
NOMENCLATURA
370
    60
100
AcDbText
 10
150.8877856870315
 20
75.64769429104699
 30
0.0
 40
0.8
  1
A=146.49m2
 72
     4
 11
153.7212615575263
 21
76.04085250729622
 31
0.0
100
AcDbText
  0
TEXT
  5
679
330
1F
100
AcDbEntity
  8
NOMENCLATURA
370
    60
100
AcDbText
 10
151.6079821838149
 20
74.27809090335933
 30
0.0
 40
0.8
  1
210.102V2
 72
     4
 11
154.1543474861973
 21
74.66538473353648
 31
0.0
100
AcDbText
  0
TEXT
  5
67A
330
1F
100
AcDbEntity
  8
NOMENCLATURA
370
    60
100
AcDbText
 10
158.9559054093335
 20
72.31327527944294
 30
0.0
 40
0.8
  1
A=146.49m2
 72
     4
 11
161.7893812798284
 21
72.70643349569218
 31
0.0
100
AcDbText
  0
TEXT
  5
67B
330
1F
100
AcDbEntity
  8
NOMENCLATURA
370
    60
100
AcDbText
 10
159.676101906117
 20
70.94367189175528
 30
0.0
 40
0.8
  1
210.102V2
 72
     4
 11
162.2224672084994
 21
71.33096572193244
 31
0.0
100
AcDbText
  0
TEXT
  5
67C
330
1F
100
AcDbEntity
  8
NOMENCLATURA
370
    60
100
AcDbText
 10
166.0121586817333
 20
68.3877626778215
 30
0.0
 40
0.8
  1
A=146.49m2
 72
     4
 11
168.8456345522281
 21
68.78092089407073
 31
0.0
100
AcDbText
  0
TEXT
  5
67D
330
1F
100
AcDbEntity
  8
NOMENCLATURA
370
    60
100
AcDbText
 10
166.7323551785168
 20
67.01815929013384
 30
0.0
 40
0.8
  1
210.102V2
 72
     4
 11
169.2787204808992
 21
67.40545312031099
 31
0.0
100
AcDbText
  0
LWPOLYLINE
  5
67E
330
1F
100
AcDbEntity
  8
LOTES
100
AcDbPolyline
 90
        4
 70
     1
 43
0.0
 10
196.0691874822223
 20
120.8957642206915
 10
188.001067759862
 20
124.2301832322955
 10
180.3568919425451
 20
105.7486625271376
 10
188.4250116649054
 20
102.4142435155336
  0
LWPOLYLINE
  5
67F
330
1F
100
AcDbEntity
  8
LOTES
100
AcDbPolyline
 90
        4
 70
     1
 43
0.0
 10
188.001067759862
 20
124.2301832322955
 10
179.9329480375017
 20
127.5646022438996
 10
172.2887722201849
 20
109.0830815389745
 10
180.3568919426034
 20
105.7486625271376
  0
LWPOLYLINE
  5
680
330
1F
100
AcDbEntity
  8
LOTES
100
AcDbPolyline
 90
        4
 70
     1
 43
0.0
 10
179.9329480375017
 20
127.5646022438996
 10
171.8648283151415
 20
130.8990212555036
 10
164.2206524978828
 20
112.4175005505785
 10
172.2887722201849
 20
109.0830815389745
  0
LWPOLYLINE
  5
681
330
1F
100
AcDbEntity
  8
LOTES
100
AcDbPolyline
 90
        4
 70
     1
 43
0.0
 10
171.8648283151415
 20
130.8990212555036
 10
163.7967085927812
 20
134.2334402671076
 10
156.1525327755225
 20
115.7519195621826
 10
164.2206524978828
 20
112.4175005505785
  0
LWPOLYLINE
  5
682
330
1F
100
AcDbEntity
  8
LOTES
100
AcDbPolyline
 90
        4
 70
     1
 43
0.0
 10
163.7967085928394
 20
134.2334402671076
 10
155.7285888704791
 20
137.5678592789445
 10
148.0844130531623
 20
119.0863385740194
 10
156.1525327755225
 20
115.7519195621826
  0
LWPOLYLINE
  5
683
330
1F
100
AcDbEntity
  8
LOTES
100
AcDbPolyline
 90
        4
 70
     1
 43
0.0
 10
155.7285888704209
 20
137.5678592789445
 10
147.6604691481188
 20
140.9022782905485
 10
140.016293330802
 20
122.4207575856235
 10
148.084413053104
 20
119.0863385740194
  0
LWPOLYLINE
  5
684
330
1F
100
AcDbEntity
  8
LOTES
100
AcDbPolyline
 90
        4
 70
     1
 43
0.0
 10
188.4250116649054
 20
102.4142435155336
 10
180.356891942487
 20
105.7486625271376
 10
172.7127161252865
 20
87.26714182221257
 10
180.7808358476468
 20
83.93272281060854
  0
LWPOLYLINE
  5
685
330
1F
100
AcDbEntity
  8
LOTES
100
AcDbPolyline
 90
        4
 70
     1
 43
0.0
 10
180.356891942487
 20
105.7486625271376
 10
172.2887722202431
 20
109.0830815389745
 10
164.6445964029262
 20
90.60156083404946
 10
172.7127161253447
 20
87.26714182221257
  0
LWPOLYLINE
  5
686
330
1F
100
AcDbEntity
  8
LOTES
100
AcDbPolyline
 90
        4
 70
     1
 43
0.0
 10
172.2887722202431
 20
109.0830815389745
 10
164.2206524978828
 20
112.4175005505785
 10
156.576476680566
 20
93.93597984565349
 10
164.6445964029262
 20
90.60156083404946
  0
LWPOLYLINE
  5
687
330
1F
100
AcDbEntity
  8
LOTES
100
AcDbPolyline
 90
        4
 70
     1
 43
0.0
 10
164.2206524978828
 20
112.4175005505785
 10
156.1525327755225
 20
115.7519195621826
 10
148.5083569582057
 20
97.27039885725753
 10
156.576476680566
 20
93.93597984565349
  0
LWPOLYLINE
  5
688
330
1F
100
AcDbEntity
  8
LOTES
100
AcDbPolyline
 90
        4
 70
     1
 43
0.0
 10
156.1525327755225
 20
115.7519195621826
 10
148.0844130532205
 20
119.0863385740194
 10
140.4402372359036
 20
100.6048178688615
 10
148.5083569582057
 20
97.27039885725753
  0
LWPOLYLINE
  5
689
330
1F
100
AcDbEntity
  8
LOTES
100
AcDbPolyline
 90
        5
 70
     1
 43
0.0
 10
148.0844130532205
 20
119.0863385740194
 10
140.0162933309184
 20
122.4207575856235
 10
135.9496067270956
 20
123.5870229845859
 10
133.9546569138037
 20
103.2851998006917
 10
140.4402372359036
 20
100.6048178688615
  0
LWPOLYLINE
  5
68A
330
1F
100
AcDbEntity
  8
LOTES
100
AcDbPolyline
 90
        4
 70
     1
 43
0.0
 10
135.1514457923331
 20
115.4644516489461
 10
119.8534539890679
 20
113.9364304162554
 10
121.0526639433665
 20
101.9964999861076
 10
133.9546569138037
 20
103.2851998006917
  0
LWPOLYLINE
  5
68B
330
1F
100
AcDbEntity
  8
LOTES
100
AcDbPolyline
 90
        5
 70
     1
 43
0.0
 10
135.9496067270956
 20
123.5870229845859
 10
135.7500406940671
 20
125.5740016132586
 10
118.8541123604955
 20
123.8863724413786
 10
119.8534539890679
 20
113.9364304162554
 10
135.1514457923331
 20
115.4644516489461
  0
LWPOLYLINE
  5
68C
330
1F
100
AcDbEntity
  8
LOTES
100
AcDbPolyline
 90
        4
 70
     1
 43
0.0
 10
134.8506332283577
 20
134.528949435753
 10
117.9547048947861
 20
132.841320263873
 10
118.8541123604955
 20
123.8863724413786
 10
135.7500406940671
 20
125.5740016132586
  0
LWPOLYLINE
  5
68D
330
1F
100
AcDbEntity
  8
LOTES
100
AcDbPolyline
 90
        4
 70
     1
 43
0.0
 10
133.9512257626484
 20
143.4838972584802
 10
117.0552974290767
 20
141.7962680863675
 10
117.9547048947861
 20
132.841320263873
 10
134.8506332283577
 20
134.528949435753
  0
LWPOLYLINE
  5
68E
330
1F
100
AcDbEntity
  8
LOTES
100
AcDbPolyline
 90
        7
 70
     1
 43
0.0
 10
147.6604691481188
 20
140.9022782905485
 10
139.9613195100537
 20
144.0842081340488
 10
133.9512257626484
 20
143.4838972584802
 10
134.8506332283577
 20
134.528949435753
 10
135.7500406940671
 20
125.5740016132586
 10
135.9496067270956
 20
123.5870229845859
 10
140.016293330802
 20
122.4207575856235
  0
TEXT
  5
68F
330
1F
100
AcDbEntity
  8
NOMENCLATURA
100
AcDbText
 10
136.4169925020474
 20
132.3722454391588
 30
0.0
 40
0.8
  1
20.00m
 50
95.73537843556488
 72
     4
 11
135.8644999693351
 21
133.9756394032847
 31
0.0
100
AcDbText
  0
TEXT
  5
690
330
1F
100
AcDbEntity
  8
NOMENCLATURA
100
AcDbText
 10
136.2008809700679
 20
111.8473890758435
 30
0.0
 40
0.8
  1
20.40m
 50
84.38787232897295
 72
     4
 11
135.9746710615436
 21
113.5281476189375
 31
0.0
100
AcDbText
  0
TEXT
  5
691
330
1F
100
AcDbEntity
  8
NOMENCLATURA
370
    60
100
AcDbText
 10
136.9844764716474
 20
111.3958426676347
 30
0.0
 40
0.8
  1
A=199.92m2
 72
     4
 11
139.8179523421422
 21
111.789000883884
 31
0.0
100
AcDbText
  0
TEXT
  5
692
330
1F
100
AcDbEntity
  8
NOMENCLATURA
370
    60
100
AcDbText
 10
124.2007666874926
 20
108.277487246751
 30
0.0
 40
0.8
  1
A=170.04m2
 72
     4
 11
127.0342425579874
 21
108.6706454630002
 31
0.0
100
AcDbText
  0
TEXT
  5
693
330
1F
100
AcDbEntity
  8
NOMENCLATURA
370
    60
100
AcDbText
 10
123.7483677412749
 20
118.6389390101779
 30
0.0
 40
0.8
  1
A=163.37m2
 72
     4
 11
126.5818436117697
 21
119.0320972264271
 31
0.0
100
AcDbText
  0
TEXT
  5
694
330
1F
100
AcDbEntity
  8
NOMENCLATURA
370
    60
100
AcDbText
 10
123.080480073266
 20
127.9812034960498
 30
0.0
 40
0.8
  1
A=152.82m2
 72
     4
 11
125.9139559437608
 21
128.3758278088171
 31
0.0
100
AcDbText
  0
TEXT
  5
695
330
1F
100
AcDbEntity
  8
NOMENCLATURA
370
    60
100
AcDbText
 10
122.3843060604779
 20
136.7909014027693
 30
0.0
 40
0.8
  1
A=152.82m2
 72
     4
 11
125.2177819309727
 21
137.1855257155366
 31
0.0
100
AcDbText
  0
TEXT
  5
696
330
1F
100
AcDbEntity
  8
NOMENCLATURA
370
    60
100
AcDbText
 10
137.1654478215862
 20
133.6932485397567
 30
0.0
 40
0.8
  1
A=187.72m2
 72
     4
 11
139.998923692081
 21
134.087872852524
 31
0.0
100
AcDbText
  0
TEXT
  5
697
330
1F
100
AcDbEntity
  8
NOMENCLATURA
370
    60
100
AcDbText
 10
138.3017812371919
 20
110.044071820854
 30
0.0
 40
0.8
  1
286.736V2
 72
     4
 11
140.8481465395744
 21
110.4313656510312
 31
0.0
100
AcDbText
  0
TEXT
  5
698
330
1F
100
AcDbEntity
  8
NOMENCLATURA
370
    60
100
AcDbText
 10
125.6030829901075
 20
107.0706703160525
 30
0.0
 40
0.8
  1
243.883V2
 72
     4
 11
128.1494482924899
 21
107.4579641462296
 31
0.0
100
AcDbText
  0
TEXT
  5
699
330
1F
100
AcDbEntity
  8
NOMENCLATURA
370
    60
100
AcDbText
 10
125.1577872649151
 20
117.4778002335791
 30
0.0
 40
0.8
  1
234.319V2
 72
     4
 11
127.7041525672975
 21
117.8650940637562
 31
0.0
100
AcDbText
  0
TEXT
  5
69A
330
1F
100
AcDbEntity
  8
NOMENCLATURA
370
    60
100
AcDbText
 10
124.5183124814732
 20
126.719860086507
 30
0.0
 40
0.8
  1
219.182V2
 72
     4
 11
127.0646777838556
 21
127.1071539166842
 31
0.0
100
AcDbText
  0
TEXT
  5
69B
330
1F
100
AcDbEntity
  8
NOMENCLATURA
370
    60
100
AcDbText
 10
123.76176108834
 20
135.445569128786
 30
0.0
 40
0.8
  1
219.182V2
 72
     4
 11
126.3081263907224
 21
135.8328629589632
 31
0.0
100
AcDbText
  0
TEXT
  5
69C
330
1F
100
AcDbEntity
  8
NOMENCLATURA
370
    60
100
AcDbText
 10
138.5116734731793
 20
132.3767181996357
 30
0.0
 40
0.8
  1
269.231V2
 72
     4
 11
141.0580387755617
 21
132.7640120298128
 31
0.0
100
AcDbText
  0
TEXT
  5
69D
330
1F
100
AcDbEntity
  8
NOMENCLATURA
370
    60
100
AcDbText
 10
145.455846318546
 20
107.53166229158
 30
0.0
 40
0.8
  1
A=174.60m2
 72
     4
 11
148.2893221890408
 21
107.9248205078292
 31
0.0
100
AcDbText
  0
TEXT
  5
69E
330
1F
100
AcDbEntity
  8
NOMENCLATURA
370
    60
100
AcDbText
 10
146.8546110104154
 20
106.1553941441801
 30
0.0
 40
0.8
  1
250.420V2
 72
     4
 11
149.4009763127978
 21
106.5426879743572
 31
0.0
100
AcDbText
  0
LWPOLYLINE
  5
69F
330
1F
100
AcDbEntity
  8
LOTES
100
AcDbPolyline
 90
        4
 70
     1
 43
0.0
 10
148.7894473558262
 20
170.6835089064661
 10
128.2816068454849
 20
179.1806833238333
 10
131.0881116248056
 20
151.2377266331568
 10
141.1626521756261
 20
152.244009815342
  0
LWPOLYLINE
  5
6A0
330
1F
100
AcDbEntity
  8
LOTES
100
AcDbPolyline
 90
        6
 70
     1
 43
0.0
 10
39.53503786881629
 20
162.1925801173311
 10
36.10987592446327
 20
161.8504619025152
 10
29.58031702965673
 20
145.4630549496032
 10
28.71094101101335
 20
141.4639632943544
 10
28.88481072922878
 20
141.0292747113381
 10
41.5337211642618
 20
142.2926956861738
  0
LWPOLYLINE
  5
6A1
330
1F
100
AcDbEntity
  8
LOTES
100
AcDbPolyline
 90
        4
 70
     1
 43
0.0
 10
49.48552567003935
 20
163.1864727211177
 10
39.53503786881629
 20
162.1925801173311
 10
41.5337211642618
 20
142.2926956861738
 10
51.48420899324992
 20
143.2865880135905
  0
LWPOLYLINE
  5
6A2
330
1F
100
AcDbEntity
  8
LOTES
100
AcDbPolyline
 90
        4
 70
     1
 43
0.0
 10
59.43601347126241
 20
164.1803653249044
 10
49.48552567003935
 20
163.1864727211177
 10
51.48420899324992
 20
143.2865880135905
 10
61.43469682217983
 20
144.2804803410072
  0
LWPOLYLINE
  5
6A3
330
1F
100
AcDbEntity
  8
LOTES
100
AcDbPolyline
 90
        4
 70
     1
 43
0.0
 10
69.38650127236906
 20
165.1742579289239
 10
59.43601347126241
 20
164.1803653249044
 10
61.43469682217983
 20
144.2804803410072
 10
71.38518465110974
 20
145.2743726684239
  0
LWPOLYLINE
  5
6A4
330
1F
100
AcDbEntity
  8
LOTES
100
AcDbPolyline
 90
        7
 70
     1
 43
0.0
 10
68.40597995939607
 20
174.936815536068
 10
40.75158197175187
 20
173.4998745470766
 10
36.10987592446327
 20
161.8504619025152
 10
39.53503786881629
 20
162.1925801173311
 10
49.48552567003935
 20
163.1864727211177
 10
59.43601347126241
 20
164.1803653249044
 10
69.38650127236906
 20
165.1742579289239
  0
LWPOLYLINE
  5
6A5
330
1F
100
AcDbEntity
  8
LOTES
100
AcDbPolyline
 90
        5
 70
     1
 43
0.0
 10
78.40411332428629
 20
175.4563252229236
 10
68.40597995939607
 20
174.936815536068
 10
69.38650127236906
 20
165.1742579289239
 10
71.38518465110974
 20
145.2743726684239
 10
81.33567248003965
 20
146.2682649960734
  0
LWPOLYLINE
  5
6A6
330
1F
100
AcDbEntity
  8
LOTES
100
AcDbPolyline
 90
        6
 70
     1
 43
0.0
 10
88.5854358997749
 20
174.1519120663397
 10
85.13240594211675
 20
175.0212477235582
 10
85.08893822702521
 20
175.8036731895517
 10
78.40411332428629
 20
175.4563252229236
 10
81.33567248003965
 20
146.2682649958406
 10
91.28616030902776
 20
147.2621573234901
  0
LWPOLYLINE
  5
6A7
330
1F
100
AcDbEntity
  8
LOTES
100
AcDbPolyline
 90
        4
 70
     1
 43
0.0
 10
98.89647235574376
 20
171.556003034766
 10
88.5854358997749
 20
174.1519120663397
 10
91.28616030902776
 20
147.2621573234901
 10
101.2366481379576
 20
148.2560496509068
  0
LWPOLYLINE
  5
6A8
330
1F
100
AcDbEntity
  8
LOTES
100
AcDbPolyline
 90
        5
 70
     1
 43
0.0
 10
109.0055729590094
 20
170.9706677349277
 10
103.4325103153096
 20
170.4140090210821
 10
98.89647235574376
 20
171.556003034766
 10
101.2366481379576
 20
148.2560496509068
 10
111.1871359668876
 20
149.2499419783235
  0
LWPOLYLINE
  5
6A9
330
1F
100
AcDbEntity
  8
LOTES
100
AcDbPolyline
 90
        4
 70
     1
 43
0.0
 10
118.9560607602325
 20
171.9645603387143
 10
109.0055729590094
 20
170.9706677349277
 10
111.1871359668876
 20
149.2499419783235
 10
121.1376237958175
 20
150.2438343057401
  0
LWPOLYLINE
  5
6AA
330
1F
100
AcDbEntity
  8
LOTES
100
AcDbPolyline
 90
        4
 70
     1
 43
0.0
 10
128.9065485614555
 20
172.9584529427338
 10
118.9560607602325
 20
171.9645603387143
 10
121.1376237958175
 20
150.2438343057401
 10
131.0881116248056
 20
151.2377266331568
  0
LWPOLYLINE
  5
6AB
330
1F
100
AcDbEntity
  8
LOTES
100
AcDbPolyline
 90
        8
 70
     1
 43
0.0
 10
111.7782734920474
 20
186.0186388804104
 10
114.5167685412889
 20
192.5388404214281
 10
108.7355135395628
 20
194.9295748434488
 10
103.4325103153096
 20
170.4140090210821
 10
109.0055729590094
 20
170.9706677349277
 10
118.9560607602325
 20
171.9645603387143
 10
128.9065485613973
 20
172.9584529427338
 10
128.2816068454849
 20
179.1806833238333
  0
LWPOLYLINE
  5
6AC
330
1F
100
AcDbEntity
  8
LOTES
100
AcDbPolyline
 90
        4
 70
     1
 43
0.0
 10
222.2259602523845
 20
134.9724476856172
 10
212.9841278096864
 20
138.791942544467
 10
207.2509959467425
 20
124.9308020157732
 10
216.4928283894405
 20
121.1113071571562
  0
LWPOLYLINE
  5
6AD
330
1F
100
AcDbEntity
  8
LOTES
100
AcDbPolyline
 90
        4
 70
     1
 43
0.0
 10
212.9841278096864
 20
138.791942544467
 10
203.7422953669884
 20
142.6114374033168
 10
198.0091635040444
 20
128.750296874623
 10
207.2509959468007
 20
124.930802016006
  0
LWPOLYLINE
  5
6AE
330
1F
100
AcDbEntity
  8
LOTES
100
AcDbPolyline
 90
        4
 70
     1
 43
0.0
 10
203.7422953669884
 20
142.6114374033168
 10
194.5004629242903
 20
146.4309322621666
 10
188.7673310613463
 20
132.5697917334728
 10
198.0091635041026
 20
128.7502968748558
  0
LWPOLYLINE
  5
6AF
330
1F
100
AcDbEntity
  8
LOTES
100
AcDbPolyline
 90
        4
 70
     1
 43
0.0
 10
194.5004629242903
 20
146.4309322621666
 10
185.2586304815922
 20
150.2504271210164
 10
179.5254986186483
 20
136.3892865923226
 10
188.7673310614045
 20
132.5697917337056
  0
LWPOLYLINE
  5
6B0
330
1F
100
AcDbEntity
  8
LOTES
100
AcDbPolyline
 90
        4
 70
     1
 43
0.0
 10
185.2586304815922
 20
150.2504271210164
 10
176.0167980388942
 20
154.0699219798662
 10
170.2836661759502
 20
140.2087814511724
 10
179.5254986187065
 20
136.3892865925554
  0
LWPOLYLINE
  5
6B1
330
1F
100
AcDbEntity
  8
LOTES
100
AcDbPolyline
 90
        4
 70
     1
 43
0.0
 10
176.0167980388942
 20
154.0699219798662
 10
166.7749655961961
 20
157.889416838716
 10
161.0418337332521
 20
144.0282763100222
 10
170.2836661760084
 20
140.2087814514052
  0
LWPOLYLINE
  5
6B2
330
1F
100
AcDbEntity
  8
LOTES
100
AcDbPolyline
 90
        4
 70
     1
 43
0.0
 10
166.7749655961961
 20
157.889416838716
 10
157.533133153498
 20
161.7089116975658
 10
151.800001290554
 20
147.847771168872
 10
161.0418337333103
 20
144.028276310255
  0
LWPOLYLINE
  5
6B3
330
1F
100
AcDbEntity
  8
LOTES
100
AcDbPolyline
 90
        4
 70
     1
 43
0.0
 10
157.533133153498
 20
161.7089116975658
 10
147.8199672563205
 20
165.7232007940292
 10
142.0879625424131
 20
151.8647854027331
 10
151.800001290554
 20
147.847771168872
  0
LWPOLYLINE
  5
6B4
330
1F
100
AcDbEntity
  8
LOTES
100
AcDbPolyline
 90
        5
 70
     1
 43
0.0
 10
226.4903337314463
 20
128.5539114563253
 10
222.2259602524427
 20
134.9724476856172
 10
216.4928283895569
 20
121.1113071573891
 10
232.1411698444135
 20
114.6441092174027
 10
229.9243110561947
 20
121.2077890748151
  0
LWPOLYLINE
  5
6B5
330
1F
100
AcDbEntity
  8
LOTES
100
AcDbPolyline
 90
        8
 70
     1
 43
0.0
 10
205.1474101456551
 20
152.98304212531
 10
198.8083860930492
 20
156.8463090338737
 10
194.5004629240575
 20
146.4309322621666
 10
203.7422953669884
 20
142.6114374033168
 10
212.9841278096864
 20
138.791942544467
 10
222.225960252501
 20
134.9724476856172
 10
220.1878721017128
 20
138.3337843145236
 10
213.6673733989446
 20
145.7236898212686
  0
LWPOLYLINE
  5
6B6
330
1F
100
AcDbEntity
  8
LOTES
100
AcDbPolyline
 90
        6
 70
     1
 43
0.0
 10
195.0194857222232
 20
159.1554237021592
 10
180.5979564745066
 20
165.1459066913921
 10
176.0167980387778
 20
154.0699219798662
 10
185.2586304815922
 20
150.2504271210164
 10
194.5004629241157
 20
146.4309322621666
 10
198.8083860930492
 20
156.8463090338737
  0
LWPOLYLINE
  5
6B7
330
1F
100
AcDbEntity
  8
LOTES
100
AcDbPolyline
 90
        6
 70
     1
 43
0.0
 10
180.5979564744484
 20
165.1459066913921
 10
166.7362209943094
 20
170.9037622911382
 10
166.7362209943094
 20
170.9037622911382
 10
162.1448075424268
 20
159.8029837628819
 10
166.7749655961961
 20
157.889416838716
 10
176.0167980387778
 20
154.0699219798662
  0
LWPOLYLINE
  5
6B8
330
1F
100
AcDbEntity
  8
LOTES
100
AcDbPolyline
 90
        5
 70
     1
 43
0.0
 10
152.4050604862714
 20
176.8086987586684
 10
147.8199672563205
 20
165.7232007940292
 10
157.533133153498
 20
161.7089116975658
 10
162.1448075424851
 20
159.8029837628819
 10
166.7362209943094
 20
170.9037622911382
  0
TEXT
  5
6B9
330
1F
100
AcDbEntity
  8
NOMENCLATURA
100
AcDbText
 10
171.6110429424726
 20
167.3749949676162
 30
0.0
 40
0.8
  1
15.01m
 50
337.6066357270461
 72
     4
 11
173.2834878641734
 21
167.1013355077702
 31
0.0
100
AcDbText
  0
TEXT
  5
6BA
330
1F
100
AcDbEntity
  8
NOMENCLATURA
100
AcDbText
 10
165.0936450899036
 20
163.2970349512087
 30
0.0
 40
0.8
  1
12.01m
 50
67.52943340993664
 72
     4
 11
165.3645902672869
 21
164.9711642513975
 31
0.0
100
AcDbText
  0
TEXT
  5
6BB
330
1F
100
AcDbEntity
  8
NOMENCLATURA
100
AcDbText
 10
168.0936948741719
 20
157.9189108216846
 30
0.0
 40
0.8
  1
15.01m
 50
337.6066357270461
 72
     4
 11
169.7661397958727
 21
157.6452513618387
 31
0.0
100
AcDbText
  0
TEXT
  5
6BC
330
1F
100
AcDbEntity
  8
NOMENCLATURA
100
AcDbText
 10
160.0999478852126
 20
159.1504245967573
 30
0.0
 40
0.8
  1
10.00m
 50
337.5455102463029
 72
     4
 11
161.7720999041194
 21
158.874981060344
 31
0.0
100
AcDbText
  0
TEXT
  5
6BD
330
1F
100
AcDbEntity
  8
NOMENCLATURA
370
    60
100
AcDbText
 10
147.9109855647631
 20
153.9632135569684
 30
0.0
 40
0.8
  1
226.087V2
 72
     4
 11
150.4573508671455
 21
154.3505073871456
 31
0.0
100
AcDbText
  0
TEXT
  5
6BE
330
1F
100
AcDbEntity
  8
NOMENCLATURA
370
    60
100
AcDbText
 10
154.9300094836591
 20
167.004795599087
 30
0.0
 40
0.8
  1
266.872V2
 72
     4
 11
157.4763747860415
 21
167.3920894292641
 31
0.0
100
AcDbText
  0
TEXT
  5
6BF
330
1F
100
AcDbEntity
  8
NOMENCLATURA
370
    60
100
AcDbText
 10
169.2073821145542
 20
160.8713095437836
 30
0.0
 40
0.8
  1
258.326V2
 72
     4
 11
171.7537474169366
 21
161.2586033739608
 31
0.0
100
AcDbText
  0
TEXT
  5
6C0
330
1F
100
AcDbEntity
  8
NOMENCLATURA
370
    60
100
AcDbText
 10
185.1750043159201
 20
154.4010516899273
 30
0.0
 40
0.8
  1
341.170V2
 72
     4
 11
187.7213696183025
 21
154.7883455201045
 31
0.0
100
AcDbText
  0
TEXT
  5
6C1
330
1F
100
AcDbEntity
  8
NOMENCLATURA
370
    60
100
AcDbText
 10
203.0175752973384
 20
145.0600318397031
 30
0.0
 40
0.8
  1
303.094V2
 72
     4
 11
205.5639405997208
 21
145.4473256698802
 31
0.0
100
AcDbText
  0
TEXT
  5
6C2
330
1F
100
AcDbEntity
  8
NOMENCLATURA
370
    60
100
AcDbText
 10
220.9926482191742
 20
122.4435640548457
 30
0.0
 40
0.8
  1
203.149V2
 72
     4
 11
223.5390135215566
 21
122.8308578850228
 31
0.0
100
AcDbText
  0
TEXT
  5
6C3
330
1F
100
AcDbEntity
  8
NOMENCLATURA
100
AcDbText
 10
154.3741948128727
 20
163.7128809904857
 30
0.0
 40
0.8
  1
15.50m
 50
337.6066357270461
 72
     4
 11
156.0466397345735
 21
163.4392215306397
 31
0.0
100
AcDbText
  0
TEXT
  5
6C4
330
1F
100
AcDbEntity
  8
NOMENCLATURA
100
AcDbText
 10
207.2884553430025
 20
141.7478142218238
 30
0.0
 40
0.8
  1
30.00m
 50
337.5455102463029
 72
     4
 11
208.9626606028032
 21
141.4773388052817
 31
0.0
100
AcDbText
  0
TEXT
  5
6C5
330
1F
100
AcDbEntity
  8
NOMENCLATURA
100
AcDbText
 10
184.3392152779973
 20
151.5064667591864
 30
0.0
 40
0.8
  1
20.00m
 50
337.5455102463029
 72
     4
 11
186.013420537798
 21
151.2359913426444
 31
0.0
100
AcDbText
  0
TEXT
  5
6C6
330
1F
100
AcDbEntity
  8
NOMENCLATURA
370
    60
100
AcDbText
 10
165.7054402620199
 20
146.7621572357259
 30
0.0
 40
0.8
  1
A=150.00m2
 72
     4
 11
168.5389161325147
 21
147.1553154519751
 31
0.0
100
AcDbText
  0
TEXT
  5
6C7
330
1F
100
AcDbEntity
  8
NOMENCLATURA
370
    60
100
AcDbText
 10
165.9919936585182
 20
148.1512343321808
 30
0.0
 40
0.8
  1
A=215.138V2
 72
     4
 11
169.1103809523483
 21
148.542193403653
 31
0.0
100
AcDbText
  0
TEXT
  5
6C8
330
1F
100
AcDbEntity
  8
NOMENCLATURA
370
    60
100
AcDbText
 10
156.0978302544465
 20
150.017883615534
 30
0.0
 40
0.8
  1
A=150.00m2
 72
     4
 11
158.9313061249413
 21
150.4110418317832
 31
0.0
100
AcDbText
  0
TEXT
  5
6C9
330
1F
100
AcDbEntity
  8
NOMENCLATURA
370
    60
100
AcDbText
 10
156.3843836509447
 20
151.4069607119889
 30
0.0
 40
0.8
  1
A=215.138V2
 72
     4
 11
159.5027709447749
 21
151.7979197834611
 31
0.0
100
AcDbText
  0
TEXT
  5
6CA
330
1F
100
AcDbEntity
  8
NOMENCLATURA
370
    60
100
AcDbText
 10
174.994245210117
 20
143.5525470466475
 30
0.0
 40
0.8
  1
A=150.00m2
 72
     4
 11
177.8277210806118
 21
143.9457052628968
 31
0.0
100
AcDbText
  0
TEXT
  5
6CB
330
1F
100
AcDbEntity
  8
NOMENCLATURA
370
    60
100
AcDbText
 10
175.2807986066152
 20
144.9416241431025
 30
0.0
 40
0.8
  1
A=215.138V2
 72
     4
 11
178.3991859004454
 21
145.3325832145747
 31
0.0
100
AcDbText
  0
TEXT
  5
6CC
330
1F
100
AcDbEntity
  8
NOMENCLATURA
370
    60
100
AcDbText
 10
184.1193530805542
 20
139.5301439433481
 30
0.0
 40
0.8
  1
A=150.00m2
 72
     4
 11
186.952828951049
 21
139.9233021595973
 31
0.0
100
AcDbText
  0
TEXT
  5
6CD
330
1F
100
AcDbEntity
  8
NOMENCLATURA
370
    60
100
AcDbText
 10
184.4059064770524
 20
140.919221039803
 30
0.0
 40
0.8
  1
A=215.138V2
 72
     4
 11
187.5242937708826
 21
141.3101801112752
 31
0.0
100
AcDbText
  0
TEXT
  5
6CE
330
1F
100
AcDbEntity
  8
NOMENCLATURA
370
    60
100
AcDbText
 10
193.5532221310207
 20
136.0447369555134
 30
0.0
 40
0.8
  1
A=150.00m2
 72
     4
 11
196.3866980015154
 21
136.4378951717626
 31
0.0
100
AcDbText
  0
TEXT
  5
6CF
330
1F
100
AcDbEntity
  8
NOMENCLATURA
370
    60
100
AcDbText
 10
193.8397755275189
 20
137.4338140519683
 30
0.0
 40
0.8
  1
A=215.138V2
 72
     4
 11
196.9581628213491
 21
137.8247731234405
 31
0.0
100
AcDbText
  0
TEXT
  5
6D0
330
1F
100
AcDbEntity
  8
NOMENCLATURA
370
    60
100
AcDbText
 10
202.6357430955761
 20
131.9493065224617
 30
0.0
 40
0.8
  1
A=150.00m2
 72
     4
 11
205.4692189660709
 21
132.342464738711
 31
0.0
100
AcDbText
  0
TEXT
  5
6D1
330
1F
100
AcDbEntity
  8
NOMENCLATURA
370
    60
100
AcDbText
 10
202.9222964920744
 20
133.3383836189167
 30
0.0
 40
0.8
  1
A=215.138V2
 72
     4
 11
206.0406837859046
 21
133.7293426903888
 31
0.0
100
AcDbText
  0
TEXT
  5
6D2
330
1F
100
AcDbEntity
  8
NOMENCLATURA
370
    60
100
AcDbText
 10
211.9535753385064
 20
128.2577704048838
 30
0.0
 40
0.8
  1
A=150.00m2
 72
     4
 11
214.7870512090012
 21
128.650928621133
 31
0.0
100
AcDbText
  0
TEXT
  5
6D3
330
1F
100
AcDbEntity
  8
NOMENCLATURA
370
    60
100
AcDbText
 10
212.2401287350047
 20
129.6468475013387
 30
0.0
 40
0.8
  1
A=215.138V2
 72
     4
 11
215.3585160288348
 21
130.0378065728109
 31
0.0
100
AcDbText
  0
TEXT
  5
6D4
330
1F
100
AcDbEntity
  8
NOMENCLATURA
370
    60
100
AcDbText
 10
153.5239660409063
 20
104.197243279976
 30
0.0
 40
0.8
  1
A=174.60m2
 72
     4
 11
156.3574419114011
 21
104.5904014962252
 31
0.0
100
AcDbText
  0
TEXT
  5
6D5
330
1F
100
AcDbEntity
  8
NOMENCLATURA
370
    60
100
AcDbText
 10
154.9227307327757
 20
102.820975132576
 30
0.0
 40
0.8
  1
250.420V2
 72
     4
 11
157.4690960351581
 21
103.2082689627532
 31
0.0
100
AcDbText
  0
TEXT
  5
6D6
330
1F
100
AcDbEntity
  8
NOMENCLATURA
370
    60
100
AcDbText
 10
161.5902132586709
 20
100.8582970657974
 30
0.0
 40
0.8
  1
A=174.60m2
 72
     4
 11
164.4236891291657
 21
101.2514552820466
 31
0.0
100
AcDbText
  0
TEXT
  5
6D7
330
1F
100
AcDbEntity
  8
NOMENCLATURA
370
    60
100
AcDbText
 10
162.9889779505403
 20
99.48202891839748
 30
0.0
 40
0.8
  1
250.420V2
 72
     4
 11
165.5353432529227
 21
99.86932274857464
 31
0.0
100
AcDbText
  0
TEXT
  5
6D8
330
1F
100
AcDbEntity
  8
NOMENCLATURA
370
    60
100
AcDbText
 10
169.6573967287916
 20
97.52161445302254
 30
0.0
 40
0.8
  1
A=174.60m2
 72
     4
 11
172.4908725992863
 21
97.91477266927177
 31
0.0
100
AcDbText
  0
TEXT
  5
6D9
330
1F
100
AcDbEntity
  8
NOMENCLATURA
370
    60
100
AcDbText
 10
171.056161420661
 20
96.14534630562259
 30
0.0
 40
0.8
  1
250.420V2
 72
     4
 11
173.6025267230434
 21
96.53264013579974
 31
0.0
100
AcDbText
  0
TEXT
  5
6DA
330
1F
100
AcDbEntity
  8
NOMENCLATURA
370
    60
100
AcDbText
 10
176.3691004788054
 20
93.53269767548253
 30
0.0
 40
0.8
  1
A=174.60m2
 72
     4
 11
179.2025763493002
 21
93.92585589173178
 31
0.0
100
AcDbText
  0
TEXT
  5
6DB
330
1F
100
AcDbEntity
  8
NOMENCLATURA
370
    60
100
AcDbText
 10
177.7678651706748
 20
92.15642952808257
 30
0.0
 40
0.8
  1
250.420V2
 72
     4
 11
180.3142304730572
 21
92.54372335825975
 31
0.0
100
AcDbText
  0
TEXT
  5
6DC
330
1F
100
AcDbEntity
  8
NOMENCLATURA
370
    60
100
AcDbText
 10
153.1000221358629
 20
126.0131829967379
 30
0.0
 40
0.8
  1
A=174.60m2
 72
     4
 11
155.9334980063577
 21
126.4063412129871
 31
0.0
100
AcDbText
  0
TEXT
  5
6DD
330
1F
100
AcDbEntity
  8
NOMENCLATURA
370
    60
100
AcDbText
 10
154.4987868277323
 20
124.636914849338
 30
0.0
 40
0.8
  1
250.420V2
 72
     4
 11
157.0451521301147
 21
125.0242086795151
 31
0.0
100
AcDbText
  0
TEXT
  5
6DE
330
1F
100
AcDbEntity
  8
NOMENCLATURA
370
    60
100
AcDbText
 10
161.1681418582232
 20
122.6787639851339
 30
0.0
 40
0.8
  1
A=174.60m2
 72
     4
 11
164.0016177287179
 21
123.0719222013831
 31
0.0
100
AcDbText
  0
TEXT
  5
6DF
330
1F
100
AcDbEntity
  8
NOMENCLATURA
370
    60
100
AcDbText
 10
162.5669065500926
 20
121.3024958377339
 30
0.0
 40
0.8
  1
250.420V2
 72
     4
 11
165.113271852475
 21
121.6897896679111
 31
0.0
100
AcDbText
  0
TEXT
  5
6E0
330
1F
100
AcDbEntity
  8
NOMENCLATURA
370
    60
100
AcDbText
 10
169.2343890759878
 20
119.3398177709553
 30
0.0
 40
0.8
  1
A=174.60m2
 72
     4
 11
172.0678649464826
 21
119.7329759872045
 31
0.0
100
AcDbText
  0
TEXT
  5
6E1
330
1F
100
AcDbEntity
  8
NOMENCLATURA
370
    60
100
AcDbText
 10
170.6331537678572
 20
117.9635496235553
 30
0.0
 40
0.8
  1
250.420V2
 72
     4
 11
173.1795190702396
 21
118.3508434537325
 31
0.0
100
AcDbText
  0
TEXT
  5
6E2
330
1F
100
AcDbEntity
  8
NOMENCLATURA
370
    60
100
AcDbText
 10
177.3015725461084
 20
116.0031351581804
 30
0.0
 40
0.8
  1
A=174.60m2
 72
     4
 11
180.1350484166032
 21
116.3962933744296
 31
0.0
100
AcDbText
  0
TEXT
  5
6E3
330
1F
100
AcDbEntity
  8
NOMENCLATURA
370
    60
100
AcDbText
 10
178.7003372379778
 20
114.6268670107804
 30
0.0
 40
0.8
  1
250.420V2
 72
     4
 11
181.2467025403602
 21
115.0141608409576
 31
0.0
100
AcDbText
  0
TEXT
  5
6E4
330
1F
100
AcDbEntity
  8
NOMENCLATURA
370
    60
100
AcDbText
 10
184.0132762961223
 20
112.0142183806404
 30
0.0
 40
0.8
  1
A=174.60m2
 72
     4
 11
186.846752166617
 21
112.4073765968896
 31
0.0
100
AcDbText
  0
TEXT
  5
6E5
330
1F
100
AcDbEntity
  8
NOMENCLATURA
370
    60
100
AcDbText
 10
185.4120409879917
 20
110.6379502332405
 30
0.0
 40
0.8
  1
250.420V2
 72
     4
 11
187.9584062903741
 21
111.0252440634176
 31
0.0
100
AcDbText
  0
TEXT
  5
6E6
330
1F
100
AcDbEntity
  8
NOMENCLATURA
370
    60
100
AcDbText
 10
145.0319024134444
 20
129.3476020085748
 30
0.0
 40
0.8
  1
A=174.60m2
 72
     4
 11
147.8653782839392
 21
129.740760224824
 31
0.0
100
AcDbText
  0
TEXT
  5
6E7
330
1F
100
AcDbEntity
  8
NOMENCLATURA
370
    60
100
AcDbText
 10
146.4306671053138
 20
127.9713338611748
 30
0.0
 40
0.8
  1
250.420V2
 72
     4
 11
148.9770324076962
 21
128.358627691352
 31
0.0
100
AcDbText
  0
TEXT
  5
6E8
330
1F
100
AcDbEntity
  8
NOMENCLATURA
370
    60
100
AcDbText
 10
34.45015851740863
 20
147.3847318462197
 30
0.0
 40
0.8
  1
245.047V2
 72
     4
 11
36.99652381979104
 21
147.7720256763969
 31
0.0
100
AcDbText
  0
TEXT
  5
6E9
330
1F
100
AcDbEntity
  8
NOMENCLATURA
370
    60
100
AcDbText
 10
42.96325812169488
 20
151.647526737592
 30
0.0
 40
0.8
  1
286.850V2
 72
     4
 11
45.50962342407729
 21
152.0348205677692
 31
0.0
100
AcDbText
  0
TEXT
  5
6EA
330
1F
100
AcDbEntity
  8
NOMENCLATURA
370
    60
100
AcDbText
 10
72.05230702838997
 20
158.0373167468336
 30
0.0
 40
0.8
  1
424.155V2
 72
     4
 11
74.59867233077239
 21
158.4246105770107
 31
0.0
100
AcDbText
  0
TEXT
  5
6EB
330
1F
100
AcDbEntity
  8
NOMENCLATURA
370
    60
100
AcDbText
 10
82.44276469708092
 20
158.0906202837926
 30
0.0
 40
0.8
  1
411.050V2
 72
     4
 11
84.98912999946332
 21
158.4779141139697
 31
0.0
100
AcDbText
  0
TEXT
  5
6EC
330
1F
100
AcDbEntity
  8
NOMENCLATURA
370
    60
100
AcDbText
 10
92.45481387322906
 20
157.7502275650025
 30
0.0
 40
0.8
  1
361.734V2
 72
     4
 11
95.00117917561146
 21
158.1375213951796
 31
0.0
100
AcDbText
  0
TEXT
  5
6ED
330
1F
100
AcDbEntity
  8
NOMENCLATURA
370
    60
100
AcDbText
 10
102.2053026445875
 20
158.3246670428764
 30
0.0
 40
0.8
  1
318.104V2
 72
     4
 11
104.7516679469699
 21
158.7119608730536
 31
0.0
100
AcDbText
  0
TEXT
  5
6EE
330
1F
100
AcDbEntity
  8
NOMENCLATURA
370
    60
100
AcDbText
 10
112.5252330681043
 20
159.1463951399185
 30
0.0
 40
0.8
  1
313.097V2
 72
     4
 11
115.0715983704867
 21
159.5336889700956
 31
0.0
100
AcDbText
  0
TEXT
  5
6EF
330
1F
100
AcDbEntity
  8
NOMENCLATURA
370
    60
100
AcDbText
 10
112.2633640921059
 20
176.3019817662992
 30
0.0
 40
0.8
  1
459.522V2
 72
     4
 11
114.8097293944884
 21
176.6892755964763
 31
0.0
100
AcDbText
  0
TEXT
  5
6F0
330
1F
100
AcDbEntity
  8
NOMENCLATURA
370
    60
100
AcDbText
 10
134.8453697579763
 20
162.1555478082139
 30
0.0
 40
0.8
  1
521.563V2
 72
     4
 11
137.3917350603587
 21
162.5428416383911
 31
0.0
100
AcDbText
  0
TEXT
  5
6F1
330
1F
100
AcDbEntity
  8
NOMENCLATURA
370
    60
100
AcDbText
 10
50.26253775787445
 20
167.1853945204623
 30
0.0
 40
0.8
  1
461.550V2
 72
     4
 11
52.80890306025685
 21
167.5726883506395
 31
0.0
100
AcDbText
  0
TEXT
  5
6F2
330
1F
100
AcDbEntity
  8
NOMENCLATURA
370
    60
100
AcDbText
 10
51.75122504999329
 20
153.7959428843699
 30
0.0
 40
0.8
  1
A=200.00m2
 72
     4
 11
54.5847009204881
 21
154.1891011006191
 31
0.0
100
AcDbText
  0
TEXT
  5
6F3
330
1F
100
AcDbEntity
  8
NOMENCLATURA
370
    60
100
AcDbText
 10
52.91319865466466
 20
152.6468682163961
 30
0.0
 40
0.8
  1
286.850V2
 72
     4
 11
55.45956395704706
 21
153.0341620465733
 31
0.0
100
AcDbText
  0
TEXT
  5
6F4
330
1F
100
AcDbEntity
  8
NOMENCLATURA
370
    60
100
AcDbText
 10
61.70116558296307
 20
154.7952843629412
 30
0.0
 40
0.8
  1
A=200.00m2
 72
     4
 11
64.53464145345788
 21
155.1884425791904
 31
0.0
100
AcDbText
  0
TEXT
  5
6F5
330
1F
100
AcDbEntity
  8
NOMENCLATURA
370
    60
100
AcDbText
 10
62.86313918763443
 20
153.6462096949674
 30
0.0
 40
0.8
  1
286.850V2
 72
     4
 11
65.40950449001684
 21
154.0335035251446
 31
0.0
100
AcDbText
  0
TEXT
  5
6F6
330
1F
100
AcDbEntity
  8
NOMENCLATURA
100
AcDbText
 10
50.26274926259651
 20
163.6905973791893
 30
0.0
 40
0.8
  1
33.44m
 50
5.704001611682262
 72
     4
 11
51.86629983292369
 21
164.2436706015833
 31
0.0
100
AcDbText
  0
TEXT
  5
6F7
330
1F
100
AcDbEntity
  8
NOMENCLATURA
370
    60
100
AcDbText
 10
121.3373152767092
 20
161.2134343518067
 30
0.0
 40
0.8
  1
A=218.30m2
 72
     4
 11
124.170791147204
 21
161.6065925680559
 31
0.0
100
AcDbText
  0
TEXT
  5
6F8
330
1F
100
AcDbEntity
  8
NOMENCLATURA
370
    60
100
AcDbText
 10
122.4751736010159
 20
160.1457366187226
 30
0.0
 40
0.8
  1
313.097V2
 72
     4
 11
125.0215389033983
 21
160.5330304488998
 31
0.0
100
AcDbText
  0
LWPOLYLINE
  5
6F9
330
1F
100
AcDbEntity
  8
LOTES
100
AcDbPolyline
 90
        4
 70
     1
 43
0.0
 10
109.0949071659561
 20
141.001154224341
 10
89.19393150803808
 20
139.0133695692748
 10
90.19327313661051
 20
129.0634275441516
 10
110.0942487945285
 20
131.0512121992178
  0
LWPOLYLINE
  5
6FA
330
1F
100
AcDbEntity
  8
LOTES
100
AcDbPolyline
 90
        4
 70
     1
 43
0.0
 10
110.0942487945285
 20
131.0512121992178
 10
90.19327313661051
 20
129.0634275441516
 10
91.19261476524116
 20
119.1134855190284
 10
111.0935904231592
 20
121.1012701740947
  0
LWPOLYLINE
  5
6FB
330
1F
100
AcDbEntity
  8
LOTES
100
AcDbPolyline
 90
        4
 70
     1
 43
0.0
 10
111.0935904231592
 20
121.1012701740947
 10
91.19261476524116
 20
119.1134855190284
 10
92.1919563938718
 20
109.1635434939053
 10
112.0929320517898
 20
111.1513281487387
  0
LWPOLYLINE
  5
6FC
330
1F
100
AcDbEntity
  8
LOTES
100
AcDbPolyline
 90
        4
 70
     1
 43
0.0
 10
112.0929320517898
 20
111.1513281487387
 10
92.1919563938718
 20
109.1635434939053
 10
93.19129802244423
 20
99.21360146878214
 10
113.0922736803622
 20
101.2013861236155
  0
LWPOLYLINE
  5
6FD
330
1F
100
AcDbEntity
  8
LOTES
100
AcDbPolyline
 90
        4
 70
     1
 43
0.0
 10
92.1919563938718
 20
109.1635434939053
 10
72.29098073595378
 20
107.1757588388391
 10
73.29032236452622
 20
97.22581681371593
 10
93.19129802244423
 20
99.21360146878214
  0
LWPOLYLINE
  5
6FE
330
1F
100
AcDbEntity
  8
LOTES
100
AcDbPolyline
 90
        4
 70
     1
 43
0.0
 10
91.19261476524116
 20
119.1134855190284
 10
71.29163910732313
 20
117.1257008641951
 10
72.29098073595378
 20
107.1757588388391
 10
92.1919563938718
 20
109.1635434939053
  0
LWPOLYLINE
  5
6FF
330
1F
100
AcDbEntity
  8
LOTES
100
AcDbPolyline
 90
        4
 70
     1
 43
0.0
 10
90.19327313661051
 20
129.0634275441516
 10
70.29229747869249
 20
127.0756428893182
 10
71.29163910732313
 20
117.1257008641951
 10
91.19261476524116
 20
119.1134855190284
  0
LWPOLYLINE
  5
700
330
1F
100
AcDbEntity
  8
LOTES
100
AcDbPolyline
 90
        4
 70
     1
 43
0.0
 10
89.19393150803808
 20
139.0133695692748
 10
69.29295585012005
 20
137.0255849144414
 10
70.29229747869249
 20
127.0756428893182
 10
90.19327313661051
 20
129.0634275441516
  0
TEXT
  5
701
330
1F
100
AcDbEntity
  8
NOMENCLATURA
100
AcDbText
 10
77.73913659702667
 20
136.4728142675645
 30
0.0
 40
0.8
  1
20.00m
 50
5.70400002024513
 72
     4
 11
79.34283289690211
 21
137.0244286080815
 31
0.0
100
AcDbText
  0
TEXT
  5
702
330
1F
100
AcDbEntity
  8
NOMENCLATURA
100
AcDbText
 10
70.55703846371862
 20
133.5546109327347
 30
0.0
 40
0.8
  1
10.00m
 50
275.7353784328399
 72
     4
 11
71.10418221952568
 21
131.9506797538597
 31
0.0
100
AcDbText
  0
TEXT
  5
703
330
1F
100
AcDbEntity
  8
NOMENCLATURA
100
AcDbText
 10
78.73847822559911
 20
126.5228722422085
 30
0.0
 40
0.8
  1
20.00m
 50
5.70400002024513
 72
     4
 11
80.34217452547455
 21
127.0744865827255
 31
0.0
100
AcDbText
  0
TEXT
  5
704
330
1F
100
AcDbEntity
  8
NOMENCLATURA
100
AcDbText
 10
71.55638009222356
 20
123.6046689073755
 30
0.0
 40
0.8
  1
10.00m
 50
275.7353784331718
 72
     4
 11
72.10352384803991
 21
122.0007377285037
 31
0.0
100
AcDbText
  0
TEXT
  5
705
330
1F
100
AcDbEntity
  8
NOMENCLATURA
100
AcDbText
 10
79.73781985422975
 20
116.5729302170854
 30
0.0
 40
0.8
  1
20.00m
 50
5.70400002024513
 72
     4
 11
81.3415161541052
 21
117.1245445576023
 31
0.0
100
AcDbText
  0
TEXT
  5
706
330
1F
100
AcDbEntity
  8
NOMENCLATURA
100
AcDbText
 10
72.55572172091615
 20
113.6547268827193
 30
0.0
 40
0.8
  1
10.00m
 50
275.7353784330385
 72
     4
 11
73.10286547672877
 21
112.0507957038462
 31
0.0
100
AcDbText
  0
TEXT
  5
707
330
1F
100
AcDbEntity
  8
NOMENCLATURA
100
AcDbText
 10
80.73716148292501
 20
106.6229881924093
 30
0.0
 40
0.8
  1
20.00m
 50
5.704000020908838
 72
     4
 11
82.34085778279405
 21
107.1746025329448
 31
0.0
100
AcDbText
  0
TEXT
  5
708
330
1F
100
AcDbEntity
  8
NOMENCLATURA
100
AcDbText
 10
73.55506334949414
 20
103.7047848571324
 30
0.0
 40
0.8
  1
10.00m
 50
275.7353784328399
 72
     4
 11
74.1022071053012
 21
102.1008536782574
 31
0.0
100
AcDbText
  0
TEXT
  5
709
330
1F
100
AcDbEntity
  8
NOMENCLATURA
100
AcDbText
 10
81.43688785530015
 20
98.59975694799615
 30
0.0
 40
0.8
  1
20.00m
 50
5.704000020908838
 72
     4
 11
83.04058415516919
 21
99.15137128853167
 31
0.0
100
AcDbText
  0
TEXT
  5
70A
330
1F
100
AcDbEntity
  8
NOMENCLATURA
100
AcDbText
 10
91.14948939905399
 20
105.6925695126642
 30
0.0
 40
0.8
  1
10.00m
 50
275.7353784328399
 72
     4
 11
91.69663315486104
 21
104.0886383337892
 31
0.0
100
AcDbText
  0
TEXT
  5
70B
330
1F
100
AcDbEntity
  8
NOMENCLATURA
100
AcDbText
 10
101.3378635132118
 20
100.5875416030809
 30
0.0
 40
0.8
  1
20.00m
 50
5.70400002024513
 72
     4
 11
102.9415598130872
 21
101.1391559435979
 31
0.0
100
AcDbText
  0
TEXT
  5
70C
330
1F
100
AcDbEntity
  8
NOMENCLATURA
100
AcDbText
 10
111.050465056972
 20
107.6803541670319
 30
0.0
 40
0.8
  1
10.00m
 50
275.7353784328399
 72
     4
 11
111.597608812779
 21
106.076422988157
 31
0.0
100
AcDbText
  0
TEXT
  5
70D
330
1F
100
AcDbEntity
  8
NOMENCLATURA
100
AcDbText
 10
90.15014777041406
 20
115.6425115370857
 30
0.0
 40
0.8
  1
10.00m
 50
275.7353784331718
 72
     4
 11
90.6972915262304
 21
114.0385803582139
 31
0.0
100
AcDbText
  0
TEXT
  5
70E
330
1F
100
AcDbEntity
  8
NOMENCLATURA
100
AcDbText
 10
100.6381371407784
 20
108.6107728470284
 30
0.0
 40
0.8
  1
20.00m
 50
5.70400002024513
 72
     4
 11
102.2418334406538
 21
109.1623871875454
 31
0.0
100
AcDbText
  0
TEXT
  5
70F
330
1F
100
AcDbEntity
  8
NOMENCLATURA
100
AcDbText
 10
110.051123428394
 20
117.6302961926189
 30
0.0
 40
0.8
  1
10.00m
 50
275.7353784330385
 72
     4
 11
110.5982671842066
 21
116.0263650137458
 31
0.0
100
AcDbText
  0
TEXT
  5
710
330
1F
100
AcDbEntity
  8
NOMENCLATURA
100
AcDbText
 10
89.15080614178341
 20
125.5924535622089
 30
0.0
 40
0.8
  1
10.00m
 50
275.7353784331718
 72
     4
 11
89.69794989759975
 21
123.9885223833371
 31
0.0
100
AcDbText
  0
TEXT
  5
711
330
1F
100
AcDbEntity
  8
NOMENCLATURA
100
AcDbText
 10
99.63879551221239
 20
118.5607148725987
 30
0.0
 40
0.8
  1
20.00m
 50
5.704000020908838
 72
     4
 11
101.2424918120814
 21
119.1123292131342
 31
0.0
100
AcDbText
  0
TEXT
  5
712
330
1F
100
AcDbEntity
  8
NOMENCLATURA
100
AcDbText
 10
109.051781799876
 20
127.5802382175079
 30
0.0
 40
0.8
  1
10.00m
 50
275.7353784331718
 72
     4
 11
109.5989255556924
 21
125.9763070386361
 31
0.0
100
AcDbText
  0
TEXT
  5
713
330
1F
100
AcDbEntity
  8
NOMENCLATURA
100
AcDbText
 10
97.6401122549511
 20
138.4605989226122
 30
0.0
 40
0.8
  1
20.00m
 50
5.704000020908838
 72
     4
 11
99.24380855482013
 21
139.0122132631477
 31
0.0
100
AcDbText
  0
TEXT
  5
714
330
1F
100
AcDbEntity
  8
NOMENCLATURA
100
AcDbText
 10
88.15146451322027
 20
135.5423955873352
 30
0.0
 40
0.8
  1
10.00m
 50
275.7353784328399
 72
     4
 11
88.69860826902732
 21
133.9384644084603
 31
0.0
100
AcDbText
  0
TEXT
  5
715
330
1F
100
AcDbEntity
  8
NOMENCLATURA
100
AcDbText
 10
98.63945388358175
 20
128.5106568972562
 30
0.0
 40
0.8
  1
20.00m
 50
5.704000020908838
 72
     4
 11
100.2431501834508
 21
129.0622712377917
 31
0.0
100
AcDbText
  0
TEXT
  5
716
330
1F
100
AcDbEntity
  8
NOMENCLATURA
100
AcDbText
 10
108.0524401711383
 20
137.5301802428671
 30
0.0
 40
0.8
  1
10.00m
 50
275.7353784328399
 72
     4
 11
108.5995839269453
 21
135.9262490639921
 31
0.0
100
AcDbText
  0
TEXT
  5
717
330
1F
100
AcDbEntity
  8
NOMENCLATURA
370
    60
100
AcDbText
 10
77.34562676453169
 20
130.7022394834187
 30
0.0
 40
0.8
  1
286.850V2
 72
     4
 11
79.89199206691409
 21
131.0895333135959
 31
0.0
100
AcDbText
  0
LWPOLYLINE
  5
718
330
1F
100
AcDbEntity
  8
LOTES
100
AcDbPolyline
 90
        4
 70
     1
 43
0.0
 10
46.01740002176666
 20
114.6012143522493
 10
31.40213495054922
 20
113.1413864453316
 10
39.3333105029742
 20
93.83406214481146
 10
48.01608327896975
 20
94.70133030200305
  0
LWPOLYLINE
  5
719
330
1F
100
AcDbEntity
  8
LOTES
100
AcDbPolyline
 90
        4
 70
     1
 43
0.0
 10
54.67432443295547
 20
115.465900677209
 10
46.01740002176666
 20
114.6012143522493
 10
48.01608327896975
 20
94.70133030200305
 10
56.67300769015856
 20
95.56601662719549
  0
LWPOLYLINE
  5
71A
330
1F
100
AcDbEntity
  8
LOTES
100
AcDbPolyline
 90
        4
 70
     1
 43
0.0
 10
63.33124884420249
 20
116.3305870021686
 10
54.67432443295547
 20
115.465900677209
 10
56.67300769015856
 20
95.56601662719549
 10
65.32993210140557
 20
96.43070295215512
  0
LWPOLYLINE
  5
71B
330
1F
100
AcDbEntity
  8
LOTES
100
AcDbPolyline
 90
        5
 70
     1
 43
0.0
 10
62.33190721557185
 20
126.2805290272918
 10
45.01805839313601
 20
124.5511563776053
 10
46.01740002176666
 20
114.6012143522493
 10
54.67432443295547
 20
115.465900677209
 10
63.33124884420249
 20
116.3305870021686
  0
LWPOLYLINE
  5
71C
330
1F
100
AcDbEntity
  8
LOTES
100
AcDbPolyline
 90
        4
 70
     1
 43
0.0
 10
34.06822893563367
 20
133.5072060753118
 10
23.47095939783321
 20
132.4487107465502
 10
31.40213495049102
 20
113.1413864453316
 10
36.06691219277855
 20
113.6073220245998
  0
LWPOLYLINE
  5
71D
330
1F
100
AcDbEntity
  8
LOTES
100
AcDbPolyline
 90
        5
 70
     1
 43
0.0
 10
44.01871676444716
 20
134.5010984027285
 10
34.06822893563367
 20
133.5072060753118
 10
36.06691219277855
 20
113.6073220245998
 10
46.01740002176666
 20
114.6012143522493
 10
45.01805839313601
 20
124.5511563776053
  0
LWPOLYLINE
  5
71E
330
1F
100
AcDbEntity
  8
LOTES
100
AcDbPolyline
 90
        4
 70
     1
 43
0.0
 10
61.3325655869412
 20
136.2304710524149
 10
44.01871676444716
 20
134.5010984027285
 10
45.01805839313601
 20
124.5511563776053
 10
62.33190721557185
 20
126.2805290272918
  0
TEXT
  5
71F
330
1F
100
AcDbEntity
  8
NOMENCLATURA
100
AcDbText
 10
36.89001279870217
 20
112.1485410809685
 30
0.0
 40
0.8
  1
14.69m
 50
5.704000021304587
 72
     4
 11
38.49424338391691
 21
112.6948063512791
 31
0.0
100
AcDbText
  0
TEXT
  5
720
330
1F
100
AcDbEntity
  8
NOMENCLATURA
100
AcDbText
 10
43.79995062254548
 20
126.0600653450097
 30
0.0
 40
0.8
  1
20.00m
 50
275.7353784327066
 72
     4
 11
44.35244315517775
 21
124.4566713808562
 31
0.0
100
AcDbText
  0
TEXT
  5
721
330
1F
100
AcDbEntity
  8
NOMENCLATURA
370
    60
100
AcDbText
 10
28.56406760338832
 20
124.9647729460251
 30
0.0
 40
0.8
  1
219.985V2
 72
     4
 11
31.11043290577072
 21
125.3520667762022
 31
0.0
100
AcDbText
  0
TEXT
  5
722
330
1F
100
AcDbEntity
  8
NOMENCLATURA
370
    60
100
AcDbText
 10
37.6930801470964
 20
124.1686085849636
 30
0.0
 40
0.8
  1
286.850V2
 72
     4
 11
40.2394454494788
 21
124.5559024151407
 31
0.0
100
AcDbText
  0
TEXT
  5
723
330
1F
100
AcDbEntity
  8
NOMENCLATURA
370
    60
100
AcDbText
 10
49.98394212983221
 20
127.7556857425355
 30
0.0
 40
0.8
  1
249.560V2
 72
     4
 11
52.53030743221462
 21
128.1429795727126
 31
0.0
100
AcDbText
  0
TEXT
  5
724
330
1F
100
AcDbEntity
  8
NOMENCLATURA
370
    60
100
AcDbText
 10
38.43263761863017
 20
103.327522960781
 30
0.0
 40
0.8
  1
335.815V2
 72
     4
 11
40.97900292101257
 21
103.7148167909581
 31
0.0
100
AcDbText
  0
TEXT
  5
725
330
1F
100
AcDbEntity
  8
NOMENCLATURA
370
    60
100
AcDbText
 10
50.37909620450976
 20
119.4413086452644
 30
0.0
 40
0.8
  1
A=174.00m2
 72
     4
 11
53.21257207500457
 21
119.8344668615136
 31
0.0
100
AcDbText
  0
TEXT
  5
726
330
1F
100
AcDbEntity
  8
NOMENCLATURA
370
    60
100
AcDbText
 10
51.55720224773649
 20
118.2966262100365
 30
0.0
 40
0.8
  1
249.560V2
 72
     4
 11
54.10356755011889
 21
118.6839200402137
 31
0.0
100
AcDbText
  0
TEXT
  5
727
330
1F
100
AcDbEntity
  8
NOMENCLATURA
370
    60
100
AcDbText
 10
47.51023660935628
 20
105.3804442663334
 30
0.0
 40
0.8
  1
A=174.00m2
 72
     4
 11
50.34371247985109
 21
105.7736024825826
 31
0.0
100
AcDbText
  0
TEXT
  5
728
330
1F
100
AcDbEntity
  8
NOMENCLATURA
370
    60
100
AcDbText
 10
48.68834265258301
 20
104.2357618311055
 30
0.0
 40
0.8
  1
249.560V2
 72
     4
 11
51.23470795496541
 21
104.6230556612827
 31
0.0
100
AcDbText
  0
TEXT
  5
729
330
1F
100
AcDbEntity
  8
NOMENCLATURA
370
    60
100
AcDbText
 10
56.25305621882602
 20
106.0266861198127
 30
0.0
 40
0.8
  1
A=174.00m2
 72
     4
 11
59.08653208932083
 21
106.4198443360619
 31
0.0
100
AcDbText
  0
TEXT
  5
72A
330
1F
100
AcDbEntity
  8
NOMENCLATURA
370
    60
100
AcDbText
 10
57.43116226205274
 20
104.8820036845848
 30
0.0
 40
0.8
  1
249.560V2
 72
     4
 11
59.97752756443515
 21
105.269297514762
 31
0.0
100
AcDbText
  0
TEXT
  5
72B
330
1F
100
AcDbEntity
  8
NOMENCLATURA
370
    60
100
AcDbText
 10
49.77786899970051
 20
77.54032013058742
 30
0.0
 40
0.8
  1
281.255V2
 72
     4
 11
52.32423430208291
 21
77.92761396076457
 31
0.0
100
AcDbText
  0
TEXT
  5
72C
330
1F
100
AcDbEntity
  8
NOMENCLATURA
370
    60
100
AcDbText
 10
58.89177918324385
 20
77.07007014500987
 30
0.0
 40
0.8
  1
258.443V2
 72
     4
 11
61.43814448562626
 21
77.45736397518704
 31
0.0
100
AcDbText
  0
TEXT
  5
72D
330
1F
100
AcDbEntity
  8
NOMENCLATURA
370
    60
100
AcDbText
 10
67.84300729662317
 20
76.97238211595532
 30
0.0
 40
0.8
  1
270.197V2
 72
     4
 11
70.38937259900558
 21
77.35967594613248
 31
0.0
100
AcDbText
  0
TEXT
  5
72E
330
1F
100
AcDbEntity
  8
NOMENCLATURA
370
    60
100
AcDbText
 10
76.86965129880372
 20
77.29943772131656
 30
0.0
 40
0.8
  1
281.554V2
 72
     4
 11
79.41601660118613
 21
77.68673155149372
 31
0.0
100
AcDbText
  0
TEXT
  5
72F
330
1F
100
AcDbEntity
  8
NOMENCLATURA
370
    60
100
AcDbText
 10
85.86611025979181
 20
77.64087707112622
 30
0.0
 40
0.8
  1
294.681V2
 72
     4
 11
88.41247556217423
 21
78.02817090130338
 31
0.0
100
AcDbText
  0
TEXT
  5
730
330
1F
100
AcDbEntity
  8
NOMENCLATURA
370
    60
100
AcDbText
 10
100.7400934355766
 20
85.67668111465019
 30
0.0
 40
0.8
  1
286.821V2
 72
     4
 11
103.286458737959
 21
86.06397494482735
 31
0.0
100
AcDbText
  0
TEXT
  5
731
330
1F
100
AcDbEntity
  8
NOMENCLATURA
370
    60
100
AcDbText
 10
102.291207218551
 20
68.20031394396057
 30
0.0
 40
0.8
  1
245.717V2
 72
     4
 11
104.8375725209334
 21
68.58760777413772
 31
0.0
100
AcDbText
  0
TEXT
  5
732
330
1F
100
AcDbEntity
  8
NOMENCLATURA
100
AcDbText
 10
47.75419192224464
 20
85.23748307897227
 30
0.0
 40
0.8
  1
13.47m
 50
5.704000020908838
 72
     4
 11
49.35774250792746
 21
85.79055625684487
 31
0.0
100
AcDbText
  0
TEXT
  5
733
330
1F
100
AcDbEntity
  8
NOMENCLATURA
100
AcDbText
 10
46.5080360507406
 20
79.08077732858224
 30
0.0
 40
0.8
  1
19.80m
 50
292.3155221111938
 72
     4
 11
47.49509525216126
 21
77.7017072303679
 31
0.0
100
AcDbText
  0
TEXT
  5
734
330
1F
100
AcDbEntity
  8
NOMENCLATURA
100
AcDbText
 10
51.11317807781883
 20
68.29333101694119
 30
0.0
 40
0.8
  1
5.87m
 50
359.80164138869
 72
     4
 11
52.45966707383923
 21
68.67963085318843
 31
0.0
100
AcDbText
  0
TEXT
  5
735
330
1F
100
AcDbEntity
  8
NOMENCLATURA
100
AcDbText
 10
55.04423484301841
 20
68.15759849124333
 30
0.0
 40
0.8
  1
1.30m
 50
3.565637316783851
 72
     4
 11
56.36255115135281
 21
68.62999458885679
 31
0.0
100
AcDbText
  0
TEXT
  5
736
330
1F
100
AcDbEntity
  8
NOMENCLATURA
100
AcDbText
 10
59.23680944377239
 20
86.39128613836646
 30
0.0
 40
0.8
  1
9.00m
 50
5.704000020908838
 72
     4
 11
60.53711558376381
 21
86.90719428653755
 31
0.0
100
AcDbText
  0
TEXT
  5
737
330
1F
100
AcDbEntity
  8
NOMENCLATURA
100
AcDbText
 10
55.39475536248311
 20
79.23262250728431
 30
0.0
 40
0.8
  1
19.55m
 50
275.7353784328399
 72
     4
 11
55.94189911829016
 21
77.62869132840933
 31
0.0
100
AcDbText
  0
TEXT
  5
738
330
1F
100
AcDbEntity
  8
NOMENCLATURA
100
AcDbText
 10
60.91805002617109
 20
68.35532329082598
 30
0.0
 40
0.8
  1
9.05m
 50
1.378432084593317
 72
     4
 11
62.2535640476126
 21
68.77168800304571
 31
0.0
100
AcDbText
  0
TEXT
  5
739
330
1F
100
AcDbEntity
  8
NOMENCLATURA
100
AcDbText
 10
68.19224848979766
 20
87.28578923355371
 30
0.0
 40
0.8
  1
9.00m
 50
5.704000020908838
 72
     4
 11
69.49255462978908
 21
87.8016973817248
 31
0.0
100
AcDbText
  0
TEXT
  5
73A
330
1F
100
AcDbEntity
  8
NOMENCLATURA
100
AcDbText
 10
64.39190921373239
 20
79.65799996988711
 30
0.0
 40
0.8
  1
20.49m
 50
275.7353784328399
 72
     4
 11
64.94440174636839
 21
78.05460600573496
 31
0.0
100
AcDbText
  0
TEXT
  5
73B
330
1F
100
AcDbEntity
  8
NOMENCLATURA
100
AcDbText
 10
68.11052668106771
 20
68.21818930759045
 30
0.0
 40
0.8
  1
6.95m
 50
0.560087510701627
 72
     4
 11
69.45185113807383
 21
68.61543731084021
 31
0.0
100
AcDbText
  0
TEXT
  5
73C
330
1F
100
AcDbEntity
  8
NOMENCLATURA
100
AcDbText
 10
72.97322830743273
 20
68.29397669502704
 30
0.0
 40
0.8
  1
2.08m
 50
3.120962230375904
 72
     4
 11
74.29517116262286
 21
68.75612715696843
 31
0.0
100
AcDbText
  0
TEXT
  5
73D
330
1F
100
AcDbEntity
  8
NOMENCLATURA
100
AcDbText
 10
77.14768753593935
 20
88.18029232780963
 30
0.0
 40
0.8
  1
9.00m
 50
5.704000020908838
 72
     4
 11
78.44799367593077
 21
88.69620047598074
 31
0.0
100
AcDbText
  0
TEXT
  5
73E
330
1F
100
AcDbEntity
  8
NOMENCLATURA
100
AcDbText
 10
73.38653817220182
 20
80.14763818924187
 30
0.0
 40
0.8
  1
21.31m
 50
275.7353784328399
 72
     4
 11
73.9404894621548
 21
78.54439073819595
 31
0.0
100
AcDbText
  0
TEXT
  5
73F
330
1F
100
AcDbEntity
  8
NOMENCLATURA
100
AcDbText
 10
76.28339175056962
 20
68.32034043315468
 30
0.0
 40
0.8
  1
2.83m
 50
358.1169339674357
 72
     4
 11
77.64065572129038
 21
68.66688724625783
 31
0.0
100
AcDbText
  0
TEXT
  5
740
330
1F
100
AcDbEntity
  8
NOMENCLATURA
100
AcDbText
 10
79.30526191325556
 20
68.24922081699186
 30
0.0
 40
0.8
  1
3.80m
 50
0.034094732203281
 72
     4
 11
80.65017345662637
 21
68.63951417123826
 31
0.0
100
AcDbText
  0
TEXT
  5
741
330
1F
100
AcDbEntity
  8
NOMENCLATURA
100
AcDbText
 10
82.25659147145249
 20
68.12215784675068
 30
0.0
 40
0.8
  1
2.42m
 50
0.5296798848695305
 72
     4
 11
83.59804524409993
 21
68.52749013872744
 31
0.0
100
AcDbText
  0
TEXT
  5
742
330
1F
100
AcDbEntity
  8
NOMENCLATURA
100
AcDbText
 10
86.10312658196463
 20
89.07479542276405
 30
0.0
 40
0.8
  1
9.00m
 50
5.704000020908838
 72
     4
 11
87.40343272195605
 21
89.59070357093514
 31
0.0
100
AcDbText
  0
TEXT
  5
743
330
1F
100
AcDbEntity
  8
NOMENCLATURA
100
AcDbText
 10
82.39273710641583
 20
80.55142123122562
 30
0.0
 40
0.8
  1
22.29m
 50
275.7353784328399
 72
     4
 11
82.94522963905183
 21
78.94802726707348
 31
0.0
100
AcDbText
  0
TEXT
  5
744
330
1F
100
AcDbEntity
  8
NOMENCLATURA
100
AcDbText
 10
86.1099532725959
 20
68.05888920292813
 30
0.0
 40
0.8
  1
5.45m
 50
0.7550021366598092
 72
     4
 11
87.44987349519215
 21
68.46411854792314
 31
0.0
100
AcDbText
  0
TEXT
  5
745
330
1F
100
AcDbEntity
  8
NOMENCLATURA
100
AcDbText
 10
90.49278309275862
 20
68.05876729602025
 30
0.0
 40
0.8
  1
3.62m
 50
356.8453773325562
 72
     4
 11
91.85732238534546
 21
68.37364581362272
 31
0.0
100
AcDbText
  0
TEXT
  5
746
330
1F
100
AcDbEntity
  8
NOMENCLATURA
100
AcDbText
 10
91.2204177400592
 20
81.3979979344724
 30
0.0
 40
0.8
  1
23.41m
 50
275.7353784328399
 72
     4
 11
91.77436903001217
 21
79.79475048342647
 31
0.0
100
AcDbText
  0
TEXT
  5
747
330
1F
100
AcDbEntity
  8
NOMENCLATURA
100
AcDbText
 10
101.3327879229135
 20
90.58715120004537
 30
0.0
 40
0.8
  1
22.22m
 50
5.704000020908838
 72
     4
 11
102.9361442230147
 21
91.14216949436741
 31
0.0
100
AcDbText
  0
TEXT
  5
748
330
1F
100
AcDbEntity
  8
NOMENCLATURA
100
AcDbText
 10
92.6932349865207
 20
88.16838610036583
 30
0.0
 40
0.8
  1
9.00m
 50
275.7353784328399
 72
     4
 11
93.20985517853115
 21
86.86836269586274
 31
0.0
100
AcDbText
  0
TEXT
  5
749
330
1F
100
AcDbEntity
  8
NOMENCLATURA
100
AcDbText
 10
102.232195388681
 20
81.63220337731811
 30
0.0
 40
0.8
  1
22.22m
 50
5.704000020908838
 72
     4
 11
103.8355516887823
 21
82.18722167164015
 31
0.0
100
AcDbText
  0
TEXT
  5
74A
330
1F
100
AcDbEntity
  8
NOMENCLATURA
100
AcDbText
 10
112.8298364706685
 20
89.96404784921841
 30
0.0
 40
0.8
  1
9.00m
 50
275.7353784328399
 72
     4
 11
113.3464566626789
 21
88.66402444471532
 31
0.0
100
AcDbText
  0
TEXT
  5
74B
330
1F
100
AcDbEntity
  8
NOMENCLATURA
100
AcDbText
 10
102.2321953887393
 20
81.63220337731811
 30
0.0
 40
0.8
  1
22.22m
 50
5.704000020908838
 72
     4
 11
103.8355516888405
 21
82.18722167164015
 31
0.0
100
AcDbText
  0
TEXT
  5
74C
330
1F
100
AcDbEntity
  8
NOMENCLATURA
100
AcDbText
 10
93.59264245240471
 20
79.21343827810424
 30
0.0
 40
0.8
  1
9.00m
 50
275.7353784328399
 72
     4
 11
94.10926264441513
 21
77.91341487360114
 31
0.0
100
AcDbText
  0
TEXT
  5
74D
330
1F
100
AcDbEntity
  8
NOMENCLATURA
100
AcDbText
 10
113.7292439364361
 20
81.00910002695682
 30
0.0
 40
0.8
  1
9.00m
 50
275.7353784328399
 72
     4
 11
114.2458641284465
 21
79.70907662245372
 31
0.0
100
AcDbText
  0
TEXT
  5
74E
330
1F
100
AcDbEntity
  8
NOMENCLATURA
100
AcDbText
 10
103.1316028543322
 20
72.67725555435801
 30
0.0
 40
0.8
  1
22.22m
 50
5.704000020908838
 72
     4
 11
104.7349591544334
 21
73.23227384868005
 31
0.0
100
AcDbText
  0
TEXT
  5
74F
330
1F
100
AcDbEntity
  8
NOMENCLATURA
100
AcDbText
 10
94.30940538913427
 20
72.04275871530168
 30
0.0
 40
0.8
  1
5.41m
 50
275.7353784328399
 72
     4
 11
94.82942934821767
 21
70.7430771747131
 31
0.0
100
AcDbText
  0
TEXT
  5
750
330
1F
100
AcDbEntity
  8
NOMENCLATURA
100
AcDbText
 10
94.25287401134374
 20
67.88645883969927
 30
0.0
 40
0.8
  1
2.05m
 50
357.3577535199894
 72
     4
 11
95.61454293118732
 21
68.21352720349023
 31
0.0
100
AcDbText
  0
TEXT
  5
751
330
1F
100
AcDbEntity
  8
NOMENCLATURA
100
AcDbText
 10
98.0456852767776
 20
67.70568338580172
 30
0.0
 40
0.8
  1
6.19m
 50
354.887949295273
 72
     4
 11
99.41970462228347
 21
67.96841540369133
 31
0.0
100
AcDbText
  0
TEXT
  5
752
330
1F
100
AcDbEntity
  8
NOMENCLATURA
100
AcDbText
 10
105.3768588930144
 20
66.89804011202858
 30
0.0
 40
0.8
  1
9.47m
 50
353.3345648324554
 72
     4
 11
106.7574955199816
 21
67.12342817587705
 31
0.0
100
AcDbText
  0
TEXT
  5
753
330
1F
100
AcDbEntity
  8
NOMENCLATURA
100
AcDbText
 10
111.1384657946268
 20
66.38812368756531
 30
0.0
 40
0.8
  1
4.98m
 50
341.4007569226563
 72
     4
 11
112.5375835646846
 21
66.32824524929674
 31
0.0
100
AcDbText
  0
TEXT
  5
754
330
1F
100
AcDbEntity
  8
NOMENCLATURA
100
AcDbText
 10
114.0457218043161
 20
65.35954537750386
 30
0.0
 40
0.8
  1
0.42m
 50
339.2593598005529
 72
     4
 11
115.4416251091024
 21
65.24742969819271
 31
0.0
100
AcDbText
  0
TEXT
  5
755
330
1F
100
AcDbEntity
  8
NOMENCLATURA
100
AcDbText
 10
114.7072122165658
 20
71.21816938659971
 30
0.0
 40
0.8
  1
11.29m
 50
275.7353784328399
 72
     4
 11
115.2597047492017
 21
69.61477542244757
 31
0.0
100
AcDbText
  0
LWPOLYLINE
  5
756
330
1F
100
AcDbEntity
  8
LOTES
100
AcDbPolyline
 90
        8
 70
     1
 43
0.0
 10
115.6905619145109
 20
75.33153685852813
 10
93.5805779585935
 20
73.12310810685085
 10
94.12150390083843
 20
67.73738053250053
 10
96.1738158622029
 20
67.6552633791689
 10
102.3457348366937
 20
67.17715984601454
 10
111.7348839758633
 20
65.91657927906999
 10
116.4293803752371
 20
64.2647947256446
 10
116.8188356904866
 20
64.0978822821744
  0
LWPOLYLINE
  5
757
330
1F
100
AcDbEntity
  8
LOTES
100
AcDbPolyline
 90
        4
 70
     1
 43
0.0
 10
114.7911544488015
 20
84.28648468125539
 10
92.68117049288411
 20
82.07805592957811
 10
93.5805779585935
 20
73.12310810685085
 10
115.6905619145109
 20
75.33153685852813
  0
LWPOLYLINE
  5
758
330
1F
100
AcDbEntity
  8
LOTES
100
AcDbPolyline
 90
        4
 70
     1
 43
0.0
 10
113.8917469830921
 20
93.24143250374982
 10
91.78176302717474
 20
91.03300375207254
 10
92.68117049288411
 20
82.07805592957811
 10
114.7911544488015
 20
84.28648468125539
  0
LWPOLYLINE
  5
759
330
1F
100
AcDbEntity
  8
LOTES
100
AcDbPolyline
 90
        7
 70
     1
 43
0.0
 10
92.68117049288411
 20
82.07805592957811
 10
91.78176302717474
 20
91.03300375207254
 10
82.82632398109127
 20
90.13850065735097
 10
85.05412340348994
 20
67.95742217283623
 10
90.50069744126814
 20
67.87264795736337
 10
94.12150390083843
 20
67.73738053250053
 10
93.5805779585935
 20
73.12310810685085
  0
LWPOLYLINE
  5
75A
330
1F
100
AcDbEntity
  8
LOTES
100
AcDbPolyline
 90
        7
 70
     1
 43
0.0
 10
82.82632398109127
 20
90.13850065735097
 10
73.87088493500778
 20
89.24399756262937
 10
76.00008209583757
 20
68.04465220910424
 10
78.82954377295391
 20
68.00305492565894
 10
82.63298483133258
 20
67.95958583936954
 10
85.05412340348994
 20
67.95742217283623
 10
85.05412340348994
 20
67.95742217283623
  0
LWPOLYLINE
  5
75B
330
1F
100
AcDbEntity
  8
LOTES
100
AcDbPolyline
 90
        6
 70
     1
 43
0.0
 10
73.87088493500778
 20
89.24399756262937
 10
64.9154458889825
 20
88.34949446790778
 10
66.96334571029002
 20
67.95958583936954
 10
73.91765600616054
 20
67.95958583936954
 10
76.00008209583757
 20
68.04465220910424
 10
76.00008209583757
 20
68.04465220910424
  0
LWPOLYLINE
  5
75C
330
1F
100
AcDbEntity
  8
LOTES
100
AcDbPolyline
 90
        5
 70
     1
 43
0.0
 10
64.9154458889825
 20
88.34949446790778
 10
55.96000684289902
 20
87.45499137318621
 10
57.91377950027527
 20
68.00225957943985
 10
66.96334571029002
 20
67.95958583936954
 10
66.96334571029002
 20
67.95958583936954
  0
LWPOLYLINE
  5
75D
330
1F
100
AcDbEntity
  8
LOTES
100
AcDbPolyline
 90
        6
 70
     1
 43
0.0
 10
55.96000684289902
 20
87.45499137318621
 10
42.55669973730983
 20
86.11621840805673
 10
50.7492102971155
 20
68.08998944372797
 10
56.61743023635063
 20
67.95958345914186
 10
57.91377950027527
 20
68.00225957943985
 10
57.91377950027527
 20
68.00225957943985
  0
TEXT
  5
75E
330
1F
100
AcDbEntity
  8
NOMENCLATURA
370
    60
100
AcDbText
 10
48.57421957280187
 20
78.72361731712071
 30
0.0
 40
0.8
  1
A=196.10m2
 72
     4
 11
51.40769544329669
 21
79.11677553336994
 31
0.0
100
AcDbText
  0
TEXT
  5
75F
330
1F
100
AcDbEntity
  8
NOMENCLATURA
370
    60
100
AcDbText
 10
57.7837742079066
 20
78.15708412343001
 30
0.0
 40
0.8
  1
A=180.19m2
 72
     4
 11
60.61725007840141
 21
78.55024233967924
 31
0.0
100
AcDbText
  0
TEXT
  5
760
330
1F
100
AcDbEntity
  8
NOMENCLATURA
370
    60
100
AcDbText
 10
66.77081607815511
 20
78.05779601606836
 30
0.0
 40
0.8
  1
A=188.39m2
 72
     4
 11
69.60429194864992
 21
78.4509542323176
 31
0.0
100
AcDbText
  0
TEXT
  5
761
330
1F
100
AcDbEntity
  8
NOMENCLATURA
370
    60
100
AcDbText
 10
75.71362527480982
 20
78.30421263814269
 30
0.0
 40
0.8
  1
A=196.31m2
 72
     4
 11
78.54710114530462
 21
78.69737085439192
 31
0.0
100
AcDbText
  0
TEXT
  5
762
330
1F
100
AcDbEntity
  8
NOMENCLATURA
370
    60
100
AcDbText
 10
84.78131410390073
 20
78.88314477397425
 30
0.0
 40
0.8
  1
A=205.46m2
 72
     4
 11
87.61478997439553
 21
79.27630299022348
 31
0.0
100
AcDbText
  0
TEXT
  5
763
330
1F
100
AcDbEntity
  8
NOMENCLATURA
370
    60
100
AcDbText
 10
99.5956632697273
 20
86.76153090732467
 30
0.0
 40
0.8
  1
A=199.98m2
 72
     4
 11
102.4291391402221
 21
87.15468912357392
 31
0.0
100
AcDbText
  0
TEXT
  5
764
330
1F
100
AcDbEntity
  8
NOMENCLATURA
370
    60
100
AcDbText
 10
101.1169835644907
 20
69.36605200643069
 30
0.0
 40
0.8
  1
A=171.32m2
 72
     4
 11
103.9504594349855
 21
69.76067631919796
 31
0.0
100
AcDbText
  0
TEXT
  5
765
330
1F
100
AcDbEntity
  8
NOMENCLATURA
370
    60
100
AcDbText
 10
101.1682305196966
 20
76.24393657903266
 30
0.0
 40
0.8
  1
286.821V2
 72
     4
 11
103.714595822079
 21
76.63123040920982
 31
0.0
100
AcDbText
  0
TEXT
  5
766
330
1F
100
AcDbEntity
  8
NOMENCLATURA
370
    60
100
AcDbText
 10
100.0238003538472
 20
77.32878637170715
 30
0.0
 40
0.8
  1
A=199.98m2
 72
     4
 11
102.857276224342
 21
77.72194458795638
 31
0.0
100
AcDbText
  0
MTEXT
  5
767
330
1F
100
AcDbEntity
  8
NOMENCLATURA
370
    60
100
AcDbMText
 10
50.79182583848887
 20
171.430161023698
 30
0.0
 40
1.875
 41
2.094341554271522
 46
0.0
 71
     1
 72
     5
  1
A1
 73
     1
 44
1.0
101
Embedded Object
 70
     1
 10
1.0
 20
0.0
 30
0.0
 11
50.79182583848887
 21
171.430161023698
 31
0.0
 40
2.094341554271522
 41
0.0
 42
2.242669517409896
 43
1.875
 71
     2
 72
     1
 44
2.094341554271522
 45
9.375
 73
     0
 74
     0
 46
0.0
  0
MTEXT
  5
768
330
1F
100
AcDbEntity
  8
NOMENCLATURA
370
    60
100
AcDbMText
 10
35.03351820258831
 20
152.0110880070824
 30
0.0
 40
1.875
 41
1.875
 46
0.0
 71
     1
 72
     5
  1
A2
 73
     1
 44
1.0
101
Embedded Object
 70
     1
 10
1.0
 20
0.0
 30
0.0
 11
35.03351820258831
 21
152.0110880070824
 31
0.0
 40
1.875
 41
0.0
 42
2.680207697006719
 43
1.875
 71
     2
 72
     1
 44
1.875
 45
9.375
 73
     0
 74
     0
 46
0.0
  0
MTEXT
  5
769
330
1F
100
AcDbEntity
  8
NOMENCLATURA
370
    60
100
AcDbMText
 10
43.61277424269064
 20
155.9484006445382
 30
0.0
 40
1.875
 41
1.875
 46
0.0
 71
     1
 72
     5
  1
A3
 73
     1
 44
1.0
101
Embedded Object
 70
     1
 10
1.0
 20
0.0
 30
0.0
 11
43.61277424269064
 21
155.9484006445382
 31
0.0
 40
1.875
 41
0.0
 42
2.680207697006719
 43
1.900198533903481
 71
     2
 72
     1
 44
1.875
 45
9.375
 73
     0
 74
     0
 46
0.0
  0
MTEXT
  5
76A
330
1F
100
AcDbEntity
  8
NOMENCLATURA
370
    60
100
AcDbMText
 10
53.45573380000132
 20
157.0345611632328
 30
0.0
 40
1.875
 41
1.875
 46
0.0
 71
     1
 72
     5
  1
A4
 73
     1
 44
1.0
101
Embedded Object
 70
     1
 10
1.0
 20
0.0
 30
0.0
 11
53.45573380000132
 21
157.0345611632328
 31
0.0
 40
1.875
 41
0.0
 42
2.653863775198534
 43
1.875
 71
     2
 72
     1
 44
1.875
 45
9.375
 73
     0
 74
     0
 46
0.0
  0
MTEXT
  5
76B
330
1F
100
AcDbEntity
  8
NOMENCLATURA
370
    60
100
AcDbMText
 10
63.60780934993818
 20
157.9412893899243
 30
0.0
 40
1.875
 41
1.875
 46
0.0
 71
     1
 72
     5
  1
A5
 73
     1
 44
1.0
101
Embedded Object
 70
     1
 10
1.0
 20
0.0
 30
0.0
 11
63.60780934993818
 21
157.9412893899243
 31
0.0
 40
1.875
 41
0.0
 42
2.72029627367135
 43
1.88759926695174
 71
     2
 72
     1
 44
1.875
 45
9.375
 73
     0
 74
     0
 46
0.0
  0
MTEXT
  5
76C
330
1F
100
AcDbEntity
  8
NOMENCLATURA
370
    60
100
AcDbMText
 10
72.92707395231992
 20
162.5596087288104
 30
0.0
 40
1.875
 41
1.875
 46
0.0
 71
     1
 72
     5
  1
A6
 73
     1
 44
1.0
101
Embedded Object
 70
     1
 10
1.0
 20
0.0
 30
0.0
 11
72.92707395231992
 21
162.5596087288104
 31
0.0
 40
1.875
 41
0.0
 42
2.76954795357361
 43
1.907070861331704
 71
     2
 72
     1
 44
1.875
 45
9.375
 73
     0
 74
     0
 46
0.0
  0
MTEXT
  5
76D
330
1F
100
AcDbEntity
  8
NOMENCLATURA
370
    60
100
AcDbMText
 10
82.93857109970122
 20
162.2823641064569
 30
0.0
 40
1.875
 41
1.875
 46
0.0
 71
     1
 72
     5
  1
A7
 73
     1
 44
1.0
101
Embedded Object
 70
     1
 10
1.0
 20
0.0
 30
0.0
 11
82.93857109970122
 21
162.2823641064569
 31
0.0
 40
1.875
 41
0.0
 42
2.676771533292608
 43
1.875
 71
     2
 72
     1
 44
1.875
 45
9.375
 73
     0
 74
     0
 46
0.0
  0
MTEXT
  5
76E
330
1F
100
AcDbEntity
  8
NOMENCLATURA
370
    60
100
AcDbMText
 10
93.38682886613241
 20
162.0683479927938
 30
0.0
 40
1.875
 41
1.875
 46
0.0
 71
     1
 72
     5
  1
A8
 73
     1
 44
1.0
101
Embedded Object
 70
     1
 10
1.0
 20
0.0
 30
0.0
 11
93.38682886613241
 21
162.0683479927938
 31
0.0
 40
1.875
 41
0.0
 42
2.730604764813683
 43
1.900198533903481
 71
     2
 72
     1
 44
1.875
 45
9.375
 73
     0
 74
     0
 46
0.0
  0
MTEXT
  5
76F
330
1F
100
AcDbEntity
  8
NOMENCLATURA
370
    60
100
AcDbMText
 10
102.8352726976591
 20
162.8341824004419
 30
0.0
 40
1.875
 41
1.875
 46
0.0
 71
     1
 72
     5
  1
A9
 73
     1
 44
1.0
101
Embedded Object
 70
     1
 10
1.0
 20
0.0
 30
0.0
 11
102.8352726976591
 21
162.8341824004419
 31
0.0
 40
1.875
 41
0.0
 42
2.76954795357361
 43
1.907070861331704
 71
     2
 72
     1
 44
1.875
 45
9.375
 73
     0
 74
     0
 46
0.0
  0
MTEXT
  5
770
330
1F
100
AcDbEntity
  8
NOMENCLATURA
370
    60
100
AcDbMText
 10
112.6949333693337
 20
163.3941087175153
 30
0.0
 40
1.875
 41
1.875
 46
0.0
 71
     1
 72
     5
  1
A10
 73
     1
 44
1.0
101
Embedded Object
 70
     1
 10
1.0
 20
0.0
 30
0.0
 11
112.6949333693337
 21
163.3941087175153
 31
0.0
 40
1.875
 41
0.0
 42
4.197846670739156
 43
1.907070861331704
 71
     2
 72
     1
 44
1.875
 45
9.375
 73
     0
 74
     0
 46
0.0
  0
MTEXT
  5
771
330
1F
100
AcDbEntity
  8
NOMENCLATURA
370
    60
100
AcDbMText
 10
122.0967842557438
 20
164.361698461882
 30
0.0
 40
1.875
 41
1.875
 46
0.0
 71
     1
 72
     5
  1
A11
 73
     1
 44
1.0
101
Embedded Object
 70
     1
 10
1.0
 20
0.0
 30
0.0
 11
122.0967842557438
 21
164.361698461882
 31
0.0
 40
1.875
 41
0.0
 42
3.674404398289554
 43
1.875
 71
     2
 72
     1
 44
1.875
 45
9.375
 73
     0
 74
     0
 46
0.0
  0
MTEXT
  5
772
330
1F
100
AcDbEntity
  8
NOMENCLATURA
370
    60
100
AcDbMText
 10
135.0749055735505
 20
166.8488233892239
 30
0.0
 40
1.875
 41
1.875
 46
0.0
 71
     1
 72
     5
  1
A13
 73
     1
 44
1.0
101
Embedded Object
 70
     1
 10
1.0
 20
0.0
 30
0.0
 11
135.0749055735505
 21
166.8488233892239
 31
0.0
 40
1.875
 41
0.0
 42
4.111942577886376
 43
1.900198533903481
 71
     2
 72
     1
 44
1.875
 45
9.375
 73
     0
 74
     0
 46
0.0
  0
MTEXT
  5
773
330
1F
100
AcDbEntity
  8
NOMENCLATURA
370
    60
100
AcDbMText
 10
111.9784974901558
 20
180.491987550351
 30
0.0
 40
1.875
 41
1.875
 46
0.0
 71
     1
 72
     5
  1
A12
 73
     1
 44
1.0
101
Embedded Object
 70
     1
 10
1.0
 20
0.0
 30
0.0
 11
111.9784974901558
 21
180.491987550351
 31
0.0
 40
1.875
 41
0.0
 42
4.111942577886376
 43
1.875
 71
     2
 72
     1
 44
1.875
 45
9.375
 73
     0
 74
     0
 46
0.0
  0
MTEXT
  5
774
330
1F
100
AcDbEntity
  8
NOMENCLATURA
370
    60
100
AcDbMText
 10
154.6073420453322
 20
171.5466286611736
 30
0.0
 40
1.875
 41
1.875
 46
0.0
 71
     1
 72
     5
  1
A14
 73
     1
 44
1.0
101
Embedded Object
 70
     1
 10
1.0
 20
0.0
 30
0.0
 11
154.6073420453322
 21
171.5466286611736
 31
0.0
 40
1.875
 41
0.0
 42
4.085598656078191
 43
1.875
 71
     2
 72
     1
 44
1.875
 45
9.375
 73
     0
 74
     0
 46
0.0
  0
MTEXT
  5
775
330
1F
100
AcDbEntity
  8
NOMENCLATURA
370
    60
100
AcDbMText
 10
168.9572850340482
 20
165.3610751290798
 30
0.0
 40
1.875
 41
1.875
 46
0.0
 71
     1
 72
     5
  1
A15
 73
     1
 44
1.0
101
Embedded Object
 70
     1
 10
1.0
 20
0.0
 30
0.0
 11
168.9572850340482
 21
165.3610751290798
 31
0.0
 40
1.875
 41
0.0
 42
4.152031154551007
 43
1.88759926695174
 71
     2
 72
     1
 44
1.875
 45
9.375
 73
     0
 74
     0
 46
0.0
  0
MTEXT
  5
776
330
1F
100
AcDbEntity
  8
NOMENCLATURA
370
    60
100
AcDbMText
 10
184.9370190577319
 20
159.1435182555106
 30
0.0
 40
1.875
 41
1.875
 46
0.0
 71
     1
 72
     5
  1
A16
 73
     1
 44
1.0
101
Embedded Object
 70
     1
 10
1.0
 20
0.0
 30
0.0
 11
184.9370190577319
 21
159.1435182555106
 31
0.0
 40
1.875
 41
0.0
 42
4.201282834453268
 43
1.907070861331704
 71
     2
 72
     1
 44
1.875
 45
9.375
 73
     0
 74
     0
 46
0.0
  0
MTEXT
  5
777
330
1F
100
AcDbEntity
  8
NOMENCLATURA
370
    60
100
AcDbMText
 10
202.4532470561535
 20
149.7367018414188
 30
0.0
 40
1.875
 41
1.875
 46
0.0
 71
     1
 72
     5
  1
A17
 73
     1
 44
1.0
101
Embedded Object
 70
     1
 10
1.0
 20
0.0
 30
0.0
 11
202.4532470561535
 21
149.7367018414188
 31
0.0
 40
1.875
 41
0.0
 42
4.108506414172265
 43
1.875
 71
     2
 72
     1
 44
1.875
 45
9.375
 73
     0
 74
     0
 46
0.0
  0
MTEXT
  5
778
330
1F
100
AcDbEntity
  8
NOMENCLATURA
370
    60
100
AcDbMText
 10
147.3763289648777
 20
158.3544387518886
 30
0.0
 40
1.875
 41
1.875
 46
0.0
 71
     1
 72
     5
  1
A18
 73
     1
 44
1.0
101
Embedded Object
 70
     1
 10
1.0
 20
0.0
 30
0.0
 11
147.3763289648777
 21
158.3544387518886
 31
0.0
 40
1.875
 41
0.0
 42
4.16233964569334
 43
1.900198533903481
 71
     2
 72
     1
 44
1.875
 45
9.375
 73
     0
 74
     0
 46
0.0
  0
MTEXT
  5
779
330
1F
100
AcDbEntity
  8
NOMENCLATURA
370
    60
100
AcDbMText
 10
157.5679914547218
 20
154.5638020573642
 30
0.0
 40
1.875
 41
1.875
 46
0.0
 71
     1
 72
     5
  1
A19
 73
     1
 44
1.0
101
Embedded Object
 70
     1
 10
1.0
 20
0.0
 30
0.0
 11
157.5679914547218
 21
154.5638020573642
 31
0.0
 40
1.875
 41
0.0
 42
4.201282834453268
 43
1.907070861331704
 71
     2
 72
     1
 44
1.875
 45
9.375
 73
     0
 74
     0
 46
0.0
  0
LWPOLYLINE
  5
77A
330
1F
100
AcDbEntity
  8
LIMITE
100
AcDbPolyline
 90
        4
 70
     0
 43
0.0
 10
23.47095939783321
 20
132.4487107465502
 10
20.32162157625135
 20
140.7684647901442
 10
21.88647202115681
 20
147.8102915226009
 10
57.83450368877675
 20
238.5279871685889
  0
LWPOLYLINE
  5
77B
330
1F
100
AcDbEntity
  8
LIMITE
100
AcDbPolyline
 90
        2
 70
     0
 43
0.0
 10
40.75123183520918
 20
173.4989958002224
 10
64.91360106265346
 20
234.2091160921373
  0
LWPOLYLINE
  5
77C
330
1F
100
AcDbEntity
  8
LIMITE
100
AcDbPolyline
 90
        2
 70
     0
 43
0.0
 10
39.3333105029742
 20
93.83406214481146
 10
42.55669973725161
 20
86.11621840805673
  0
LWPOLYLINE
  5
77D
330
1F
100
AcDbEntity
  8
LIMITE
100
AcDbPolyline
 90
       10
 70
     0
 43
0.0
 10
116.8188356904866
 20
64.0978822821744
 10
125.0794850400853
 20
61.26551092551017
 10
134.1642962786572
 20
58.26622134582066
 10
153.9857177109661
 20
56.09282256052757
 10
165.8557896214624
 20
47.84805424134174
 10
169.1513953115063
 20
45.34482563841083
 10
172.5426213837199
 20
43.08401067363957
 10
206.9731836476567
 20
20.88374620065952
 10
241.0520737113984
 20
20.97068219021821
 10
231.94598074221
 20
66.34952552588583
  0
LWPOLYLINE
  5
77E
330
1F
100
AcDbEntity
  8
ACER
100
AcDbPolyline
 90
        9
 70
     0
 43
0.0
 10
171.6376376986009
 20
43.45316147892662
 10
202.9226704131434
 20
119.1517405972809
 10
221.40434397028
 20
111.5072040950872
 10
223.6976091796969
 20
117.0516907306846
 10
141.0187551914568
 20
151.2246608363457
 10
28.23569349983882
 20
139.9594624249257
 10
27.66868512098154
 20
141.3770299653515
 10
28.62068929242378
 20
145.7562075091518
 10
63.98452941798314
 20
234.5790159152348
  0
LINE
  5
77F
330
1F
100
AcDbEntity
  8
ACER
100
AcDbLine
 10
140.111634462708
 20
145.1041981642593
 30
0.0
 11
197.3689613074966
 21
121.4218897539649
 31
0.0
  0
LINE
  5
780
330
1F
100
AcDbEntity
  8
ACER
100
AcDbLine
 10
197.3689613074966
 20
121.4218897539649
 30
0.0
 11
181.322810301077
 21
82.62669728947731
 31
0.0
  0
LINE
  5
781
330
1F
100
AcDbEntity
  8
ACER
100
AcDbLine
 10
181.322810301077
 20
82.62669728947731
 30
0.0
 11
133.8047593526862
 21
102.2651134177104
 31
0.0
  0
LINE
  5
782
330
1F
100
AcDbEntity
  8
ACER
100
AcDbLine
 10
133.8047593526862
 20
102.2651134177104
 30
0.0
 11
120.1577686081146
 21
100.894451566226
 31
0.0
  0
LINE
  5
783
330
1F
100
AcDbEntity
  8
ACER
100
AcDbLine
 10
120.1577686081146
 20
100.894451566226
 30
0.0
 11
115.9826612476463
 21
142.6941051354624
 31
0.0
  0
LINE
  5
784
330
1F
100
AcDbEntity
  8
ACER
100
AcDbLine
 10
115.9826612476463
 20
142.6941051354624
 30
0.0
 11
140.111634462708
 21
145.1041981642593
 31
0.0
  0
LINE
  5
785
330
1F
100
AcDbEntity
  8
ACER
100
AcDbLine
 10
68.19797290435236
 20
137.921189884375
 30
0.0
 11
109.9900217859977
 21
142.095537659432
 31
0.0
  0
LINE
  5
786
330
1F
100
AcDbEntity
  8
ACER
100
AcDbLine
 10
109.9900217859977
 20
142.095537659432
 30
0.0
 11
114.1872018814756
 21
100.3063262181349
 31
0.0
  0
LINE
  5
787
330
1F
100
AcDbEntity
  8
ACER
100
AcDbLine
 10
114.1872018814756
 20
100.3063262181349
 30
0.0
 11
72.39745164317719
 21
96.10909200757669
 31
0.0
  0
LINE
  5
788
330
1F
100
AcDbEntity
  8
ACER
100
AcDbLine
 10
72.39745164317719
 20
96.10909200757669
 30
0.0
 11
68.19797290435236
 21
137.921189884375
 31
0.0
  0
LWPOLYLINE
  5
789
330
1F
100
AcDbEntity
  8
ACER
100
AcDbPolyline
 90
        4
 70
     0
 43
0.0
 10
23.37157017998106
 20
133.4437593803268
 10
62.22768020698277
 20
137.3248544877387
 10
66.42491504717327
 20
95.53509798245432
 10
39.73623415727343
 20
92.86933167762981
  0
LWPOLYLINE
  5
78A
330
1F
100
AcDbEntity
  8
ACER
100
AcDbPolyline
 90
        3
 70
     0
 43
0.0
 10
42.1537760822539
 20
87.0809488768682
 10
114.7868616031337
 20
94.33581593907366
 10
117.8597118143079
 20
63.74099172856586
  0
LWPOLYLINE
  5
78B
330
1F
100
AcDbEntity
  8
ACER
100
AcDbPolyline
 90
        5
 70
     0
 43
0.0
 10
166.6792492454842
 20
47.22258266545759
 10
179.0295575558412
 20
77.08224107809292
 10
132.9034909583133
 20
96.14537334251146
 10
120.7571543005033
 20
94.93215133594276
 10
124.1049685567122
 20
61.59964840761313
  0
LINE
  5
78C
330
1F
100
AcDbEntity
  8
ACER
100
AcDbLine
 10
165.8567967706913
 20
47.84735469096268
 30
-0.0000000000000485
 11
167.4876141012501
 21
51.79335830472337
 31
0.0
  0
LINE
  5
78D
330
1F
100
AcDbEntity
  8
ACER
100
AcDbLine
 10
124.3023399547528
 20
69.64111020876953
 30
0.0
 11
125.1457569131016
 21
61.2436317104839
 31
0.0
  0
MTEXT
  5
78E
330
1F
100
AcDbEntity
  8
NOMENCLATURA
370
    60
100
AcDbMText
 10
166.8267680544377
 20
151.1875939068377
 30
0.0
 40
1.875
 41
1.875
 46
0.0
 71
     1
 72
     5
  1
A20
 73
     1
 44
1.0
101
Embedded Object
 70
     1
 10
1.0
 20
0.0
 30
0.0
 11
166.8267680544377
 21
151.1875939068377
 31
0.0
 40
1.875
 41
0.0
 42
4.197846670739156
 43
1.907070861331704
 71
     2
 72
     1
 44
1.875
 45
9.375
 73
     0
 74
     0
 46
0.0
  0
MTEXT
  5
78F
330
1F
100
AcDbEntity
  8
NOMENCLATURA
370
    60
100
AcDbMText
 10
176.2083790117612
 20
148.0370993013021
 30
0.0
 40
1.875
 41
1.875
 46
0.0
 71
     1
 72
     5
  1
A21
 73
     1
 44
1.0
101
Embedded Object
 70
     1
 10
1.0
 20
0.0
 30
0.0
 11
176.2083790117612
 21
148.0370993013021
 31
0.0
 40
1.875
 41
0.0
 42
3.674404398289554
 43
1.875
 71
     2
 72
     1
 44
1.875
 45
9.375
 73
     0
 74
     0
 46
0.0
  0
MTEXT
  5
790
330
1F
100
AcDbEntity
  8
NOMENCLATURA
370
    60
100
AcDbMText
 10
185.4502114544011
 20
144.2176044424523
 30
0.0
 40
1.875
 41
1.875
 46
0.0
 71
     1
 72
     5
  1
A22
 73
     1
 44
1.0
101
Embedded Object
 70
     1
 10
1.0
 20
0.0
 30
0.0
 11
185.4502114544011
 21
144.2176044424523
 31
0.0
 40
1.875
 41
0.0
 42
4.111942577886376
 43
1.875
 71
     2
 72
     1
 44
1.875
 45
9.375
 73
     0
 74
     0
 46
0.0
  0
MTEXT
  5
791
330
1F
100
AcDbEntity
  8
NOMENCLATURA
370
    60
100
AcDbMText
 10
194.6920438969246
 20
140.3981095836025
 30
0.0
 40
1.875
 41
1.875
 46
0.0
 71
     1
 72
     5
  1
A23
 73
     1
 44
1.0
101
Embedded Object
 70
     1
 10
1.0
 20
0.0
 30
0.0
 11
194.6920438969246
 21
140.3981095836025
 31
0.0
 40
1.875
 41
0.0
 42
4.111942577886376
 43
1.900198533903481
 71
     2
 72
     1
 44
1.875
 45
9.375
 73
     0
 74
     0
 46
0.0
  0
MTEXT
  5
792
330
1F
100
AcDbEntity
  8
NOMENCLATURA
370
    60
100
AcDbMText
 10
203.9338763397973
 20
136.5786147247527
 30
0.0
 40
1.875
 41
1.875
 46
0.0
 71
     1
 72
     5
  1
A24
 73
     1
 44
1.0
101
Embedded Object
 70
     1
 10
1.0
 20
0.0
 30
0.0
 11
203.9338763397973
 21
136.5786147247527
 31
0.0
 40
1.875
 41
0.0
 42
4.085598656078191
 43
1.875
 71
     2
 72
     1
 44
1.875
 45
9.375
 73
     0
 74
     0
 46
0.0
  0
MTEXT
  5
793
330
1F
100
AcDbEntity
  8
NOMENCLATURA
370
    60
100
AcDbMText
 10
213.1724914208025
 20
132.7513411677901
 30
0.0
 40
1.875
 41
1.875
 46
0.0
 71
     1
 72
     5
  1
A25
 73
     1
 44
1.0
101
Embedded Object
 70
     1
 10
1.0
 20
0.0
 30
0.0
 11
213.1724914208025
 21
132.7513411677901
 31
0.0
 40
1.875
 41
0.0
 42
4.152031154551007
 43
1.88759926695174
 71
     2
 72
     1
 44
1.875
 45
9.375
 73
     0
 74
     0
 46
0.0
  0
MTEXT
  5
794
330
1F
100
AcDbEntity
  8
NOMENCLATURA
370
    60
100
AcDbMText
 10
221.2305480057694
 20
126.8807510237202
 30
0.0
 40
1.875
 41
1.875
 46
0.0
 71
     1
 72
     5
  1
A26
 73
     1
 44
1.0
101
Embedded Object
 70
     1
 10
1.0
 20
0.0
 30
0.0
 11
221.2305480057694
 21
126.8807510237202
 31
0.0
 40
1.875
 41
0.0
 42
4.201282834453268
 43
1.907070861331704
 71
     2
 72
     1
 44
1.875
 45
9.375
 73
     0
 74
     0
 46
0.0
  0
MTEXT
  5
795
330
1F
100
AcDbEntity
  8
NOMENCLATURA
370
    60
100
AcDbMText
 10
29.66213176491147
 20
129.0851863710668
 30
0.0
 40
1.875
 41
2.094341554271522
 46
0.0
 71
     1
 72
     5
  1
B1
 73
     1
 44
1.0
101
Embedded Object
 70
     1
 10
1.0
 20
0.0
 30
0.0
 11
29.66213176491147
 21
129.0851863710668
 31
0.0
 40
2.094341554271522
 41
0.0
 42
1.870418448381185
 43
1.875
 71
     2
 72
     1
 44
2.094341554271522
 45
9.375
 73
     0
 74
     0
 46
0.0
  0
MTEXT
  5
796
330
1F
100
AcDbEntity
  8
NOMENCLATURA
370
    60
100
AcDbMText
 10
38.3944275299873
 20
128.4160479744423
 30
0.0
 40
1.875
 41
2.094341554271522
 46
0.0
 71
     1
 72
     5
  1
B2
 73
     1
 44
1.0
101
Embedded Object
 70
     1
 10
1.0
 20
0.0
 30
0.0
 11
38.3944275299873
 21
128.4160479744423
 31
0.0
 40
2.094341554271522
 41
0.0
 42
2.307956627978008
 43
1.875
 71
     2
 72
     1
 44
2.094341554271522
 45
9.375
 73
     0
 74
     0
 46
0.0
  0
MTEXT
  5
797
330
1F
100
AcDbEntity
  8
NOMENCLATURA
370
    60
100
AcDbMText
 10
50.78255722216272
 20
131.9833488203112
 30
0.0
 40
1.875
 41
2.094341554271522
 46
0.0
 71
     1
 72
     5
  1
B3
 73
     1
 44
1.0
101
Embedded Object
 70
     1
 10
1.0
 20
0.0
 30
0.0
 11
50.78255722216272
 21
131.9833488203112
 31
0.0
 40
2.094341554271522
 41
0.0
 42
2.307956627978008
 43
1.900198533903481
 71
     2
 72
     1
 44
2.094341554271522
 45
9.375
 73
     0
 74
     0
 46
0.0
  0
MTEXT
  5
798
330
1F
100
AcDbEntity
  8
NOMENCLATURA
370
    60
100
AcDbMText
 10
52.29050670655851
 20
122.4713529634282
 30
0.0
 40
1.875
 41
2.094341554271522
 46
0.0
 71
     1
 72
     5
  1
B4
 73
     1
 44
1.0
101
Embedded Object
 70
     1
 10
1.0
 20
0.0
 30
0.0
 11
52.29050670655851
 21
122.4713529634282
 31
0.0
 40
2.094341554271522
 41
0.0
 42
2.281612706169823
 43
1.875
 71
     2
 72
     1
 44
2.094341554271522
 45
9.375
 73
     0
 74
     0
 46
0.0
  0
MTEXT
  5
799
330
1F
100
AcDbEntity
  8
NOMENCLATURA
370
    60
100
AcDbMText
 10
39.45682047963783
 20
107.7952874232542
 30
0.0
 40
1.875
 41
2.094341554271522
 46
0.0
 71
     1
 72
     5
  1
B5
 73
     1
 44
1.0
101
Embedded Object
 70
     1
 10
1.0
 20
0.0
 30
0.0
 11
39.45682047963783
 21
107.7952874232542
 31
0.0
 40
2.094341554271522
 41
0.0
 42
2.348045204642638
 43
1.88759926695174
 71
     2
 72
     1
 44
2.094341554271522
 45
9.375
 73
     0
 74
     0
 46
0.0
  0
MTEXT
  5
79A
330
1F
100
AcDbEntity
  8
NOMENCLATURA
370
    60
100
AcDbMText
 10
49.53074553089391
 20
108.5081298255354
 30
0.0
 40
1.875
 41
2.094341554271522
 46
0.0
 71
     1
 72
     5
  1
B6
 73
     1
 44
1.0
101
Embedded Object
 70
     1
 10
1.0
 20
0.0
 30
0.0
 11
49.53074553089391
 21
108.5081298255354
 31
0.0
 40
2.094341554271522
 41
0.0
 42
2.397296884544899
 43
1.907070861331704
 71
     2
 72
     1
 44
2.094341554271522
 45
9.375
 73
     0
 74
     0
 46
0.0
  0
MTEXT
  5
79B
330
1F
100
AcDbEntity
  8
NOMENCLATURA
370
    60
100
AcDbMText
 10
58.18674359684519
 20
109.0137904898256
 30
0.0
 40
1.875
 41
2.094341554271522
 46
0.0
 71
     1
 72
     5
  1
B7
 73
     1
 44
1.0
101
Embedded Object
 70
     1
 10
1.0
 20
0.0
 30
0.0
 11
58.18674359684519
 21
109.0137904898256
 31
0.0
 40
2.094341554271522
 41
0.0
 42
2.304520464263897
 43
1.875
 71
     2
 72
     1
 44
2.094341554271522
 45
9.375
 73
     0
 74
     0
 46
0.0
  0
MTEXT
  5
79C
330
1F
100
AcDbEntity
  8
NOMENCLATURA
370
    60
100
AcDbMText
 10
78.19014592868916
 20
134.9775806732468
 30
0.0
 40
1.875
 41
2.094341554271522
 46
0.0
 71
     1
 72
     5
  1
C1
 73
     1
 44
1.0
101
Embedded Object
 70
     1
 10
1.0
 20
0.0
 30
0.0
 11
78.19014592868916
 21
134.9775806732468
 31
0.0
 40
2.094341554271522
 41
0.0
 42
2.504963347587049
 43
1.89676237018937
 71
     2
 72
     1
 44
2.094341554271522
 45
9.375
 73
     0
 74
     0
 46
0.0
  0
MTEXT
  5
79D
330
1F
100
AcDbEntity
  8
NOMENCLATURA
370
    60
100
AcDbMText
 10
98.09112158660719
 20
136.965365328313
 30
0.0
 40
1.875
 41
2.094341554271522
 46
0.0
 71
     1
 72
     5
  1
C2
 73
     1
 44
1.0
101
Embedded Object
 70
     1
 10
1.0
 20
0.0
 30
0.0
 11
98.09112158660719
 21
136.965365328313
 31
0.0
 40
2.094341554271522
 41
0.0
 42
2.942501527183873
 43
1.89676237018937
 71
     2
 72
     1
 44
2.094341554271522
 45
9.375
 73
     0
 74
     0
 46
0.0
  0
TEXT
  5
79E
330
1F
100
AcDbEntity
  8
NOMENCLATURA
370
    60
100
AcDbText
 10
96.09882861309619
 20
133.7227028610307
 30
0.0
 40
0.8
  1
A=200.00m2
 72
     4
 11
98.932304483591
 21
134.11586107728
 31
0.0
100
AcDbText
  0
TEXT
  5
79F
330
1F
100
AcDbEntity
  8
NOMENCLATURA
370
    60
100
AcDbText
 10
97.24660242244972
 20
132.6900241384849
 30
0.0
 40
0.8
  1
286.850V2
 72
     4
 11
99.79296772483213
 21
133.0773179686621
 31
0.0
100
AcDbText
  0
TEXT
  5
7A0
330
1F
100
AcDbEntity
  8
NOMENCLATURA
370
    60
100
AcDbText
 10
77.1971945837506
 20
121.7849761808414
 30
0.0
 40
0.8
  1
A=200.00m2
 72
     4
 11
80.03067045424542
 21
122.1781343970906
 31
0.0
100
AcDbText
  0
TEXT
  5
7A1
330
1F
100
AcDbEntity
  8
NOMENCLATURA
370
    60
100
AcDbText
 10
78.34496839310412
 20
120.7522974582955
 30
0.0
 40
0.8
  1
286.850V2
 72
     4
 11
80.89133369548653
 21
121.1395912884727
 31
0.0
100
AcDbText
  0
MTEXT
  5
7A2
330
1F
100
AcDbEntity
  8
NOMENCLATURA
370
    60
100
AcDbMText
 10
79.1894875572616
 20
125.0276386481237
 30
0.0
 40
1.875
 41
2.094341554271522
 46
0.0
 71
     1
 72
     5
  1
C3
 73
     1
 44
1.0
101
Embedded Object
 70
     1
 10
1.0
 20
0.0
 30
0.0
 11
79.1894875572616
 21
125.0276386481237
 31
0.0
 40
2.094341554271522
 41
0.0
 42
2.942501527183873
 43
1.900198533903481
 71
     2
 72
     1
 44
2.094341554271522
 45
9.375
 73
     0
 74
     0
 46
0.0
  0
MTEXT
  5
7A3
330
1F
100
AcDbEntity
  8
NOMENCLATURA
370
    60
100
AcDbMText
 10
99.09046321517962
 20
127.0154233031899
 30
0.0
 40
1.875
 41
2.094341554271522
 46
0.0
 71
     1
 72
     5
  1
C4
 73
     1
 44
1.0
101
Embedded Object
 70
     1
 10
1.0
 20
0.0
 30
0.0
 11
99.09046321517962
 21
127.0154233031899
 31
0.0
 40
2.094341554271522
 41
0.0
 42
2.916157605375687
 43
1.89676237018937
 71
     2
 72
     1
 44
2.094341554271522
 45
9.375
 73
     0
 74
     0
 46
0.0
  0
TEXT
  5
7A4
330
1F
100
AcDbEntity
  8
NOMENCLATURA
370
    60
100
AcDbText
 10
97.09817024166863
 20
123.7727608359076
 30
0.0
 40
0.8
  1
A=200.00m2
 72
     4
 11
99.93164611216343
 21
124.1659190521568
 31
0.0
100
AcDbText
  0
TEXT
  5
7A5
330
1F
100
AcDbEntity
  8
NOMENCLATURA
370
    60
100
AcDbText
 10
98.24594405102216
 20
122.7400821133618
 30
0.0
 40
0.8
  1
286.850V2
 72
     4
 11
100.7923093534045
 21
123.1273759435389
 31
0.0
100
AcDbText
  0
TEXT
  5
7A6
330
1F
100
AcDbEntity
  8
NOMENCLATURA
370
    60
100
AcDbText
 10
78.19653621238124
 20
111.8350341557182
 30
0.0
 40
0.8
  1
A=200.00m2
 72
     4
 11
81.03001208287606
 21
112.2281923719674
 31
0.0
100
AcDbText
  0
TEXT
  5
7A7
330
1F
100
AcDbEntity
  8
NOMENCLATURA
370
    60
100
AcDbText
 10
79.34431002173477
 20
110.8023554331724
 30
0.0
 40
0.8
  1
286.850V2
 72
     4
 11
81.89067532411717
 21
111.1896492633495
 31
0.0
100
AcDbText
  0
MTEXT
  5
7A8
330
1F
100
AcDbEntity
  8
NOMENCLATURA
370
    60
100
AcDbMText
 10
80.18882918589225
 20
115.0776966230005
 30
0.0
 40
1.875
 41
2.094341554271522
 46
0.0
 71
     1
 72
     5
  1
C5
 73
     1
 44
1.0
101
Embedded Object
 70
     1
 10
1.0
 20
0.0
 30
0.0
 11
80.18882918589225
 21
115.0776966230005
 31
0.0
 40
2.094341554271522
 41
0.0
 42
2.982590103848503
 43
1.89676237018937
 71
     2
 72
     1
 44
2.094341554271522
 45
9.375
 73
     0
 74
     0
 46
0.0
  0
MTEXT
  5
7A9
330
1F
100
AcDbEntity
  8
NOMENCLATURA
370
    60
100
AcDbMText
 10
100.0898048438102
 20
117.0654812780667
 30
0.0
 40
1.875
 41
2.094341554271522
 46
0.0
 71
     1
 72
     5
  1
C6
 73
     1
 44
1.0
101
Embedded Object
 70
     1
 10
1.0
 20
0.0
 30
0.0
 11
100.0898048438102
 21
117.0654812780667
 31
0.0
 40
2.094341554271522
 41
0.0
 42
3.031841783750763
 43
1.907070861331704
 71
     2
 72
     1
 44
2.094341554271522
 45
9.375
 73
     0
 74
     0
 46
0.0
  0
TEXT
  5
7AA
330
1F
100
AcDbEntity
  8
NOMENCLATURA
370
    60
100
AcDbText
 10
98.09751187029927
 20
113.8228188107844
 30
0.0
 40
0.8
  1
A=200.00m2
 72
     4
 11
100.930987740794
 21
114.2159770270336
 31
0.0
100
AcDbText
  0
TEXT
  5
7AB
330
1F
100
AcDbEntity
  8
NOMENCLATURA
370
    60
100
AcDbText
 10
99.2452856796528
 20
112.7901400882386
 30
0.0
 40
0.8
  1
286.850V2
 72
     4
 11
101.7916509820352
 21
113.1774339184157
 31
0.0
100
AcDbText
  0
TEXT
  5
7AC
330
1F
100
AcDbEntity
  8
NOMENCLATURA
370
    60
100
AcDbText
 10
79.19587784101189
 20
101.885092130595
 30
0.0
 40
0.8
  1
A=200.00m2
 72
     4
 11
82.02935371150671
 21
102.2782503468443
 31
0.0
100
AcDbText
  0
TEXT
  5
7AD
330
1F
100
AcDbEntity
  8
NOMENCLATURA
370
    60
100
AcDbText
 10
80.34365165036541
 20
100.8524134080492
 30
0.0
 40
0.8
  1
286.850V2
 72
     4
 11
82.89001695274782
 21
101.2397072382264
 31
0.0
100
AcDbText
  0
MTEXT
  5
7AE
330
1F
100
AcDbEntity
  8
NOMENCLATURA
370
    60
100
AcDbMText
 10
81.1881708145229
 20
105.1277545978773
 30
0.0
 40
1.875
 41
2.094341554271522
 46
0.0
 71
     1
 72
     5
  1
C7
 73
     1
 44
1.0
101
Embedded Object
 70
     1
 10
1.0
 20
0.0
 30
0.0
 11
81.1881708145229
 21
105.1277545978773
 31
0.0
 40
2.094341554271522
 41
0.0
 42
2.939065363469762
 43
1.89676237018937
 71
     2
 72
     1
 44
2.094341554271522
 45
9.375
 73
     0
 74
     0
 46
0.0
  0
MTEXT
  5
7AF
330
1F
100
AcDbEntity
  8
NOMENCLATURA
370
    60
100
AcDbMText
 10
101.0891464724409
 20
107.1155392529435
 30
0.0
 40
1.875
 41
2.094341554271522
 46
0.0
 71
     1
 72
     5
  1
C8
 73
     1
 44
1.0
101
Embedded Object
 70
     1
 10
1.0
 20
0.0
 30
0.0
 11
101.0891464724409
 21
107.1155392529435
 31
0.0
 40
2.094341554271522
 41
0.0
 42
2.992898594990836
 43
1.900198533903481
 71
     2
 72
     1
 44
2.094341554271522
 45
9.375
 73
     0
 74
     0
 46
0.0
  0
TEXT
  5
7B0
330
1F
100
AcDbEntity
  8
NOMENCLATURA
370
    60
100
AcDbText
 10
99.09685349892992
 20
103.8728767856612
 30
0.0
 40
0.8
  1
A=200.00m2
 72
     4
 11
101.9303293694247
 21
104.2660350019105
 31
0.0
100
AcDbText
  0
TEXT
  5
7B1
330
1F
100
AcDbEntity
  8
NOMENCLATURA
370
    60
100
AcDbText
 10
100.2446273082834
 20
102.8401980631154
 30
0.0
 40
0.8
  1
286.850V2
 72
     4
 11
102.7909926106658
 21
103.2274918932926
 31
0.0
100
AcDbText
  0
MTEXT
  5
7B2
330
1F
100
AcDbEntity
  8
NOMENCLATURA
370
    60
100
AcDbMText
 10
124.339518380395
 20
139.8573731085744
 30
0.0
 40
1.875
 41
2.094341554271522
 46
0.0
 71
     1
 72
     5
  1
D1
 73
     1
 44
1.0
101
Embedded Object
 70
     1
 10
1.0
 20
0.0
 30
0.0
 11
124.339518380395
 21
139.8573731085744
 31
0.0
 40
2.094341554271522
 41
0.0
 42
2.02275503970678
 43
1.875
 71
     2
 72
     1
 44
2.094341554271522
 45
9.375
 73
     0
 74
     0
 46
0.0
  0
MTEXT
  5
7B3
330
1F
100
AcDbEntity
  8
NOMENCLATURA
370
    60
100
AcDbMText
 10
125.1389321326132
 20
130.8707876365624
 30
0.0
 40
1.875
 41
2.094341554271522
 46
0.0
 71
     1
 72
     5
  1
D2
 73
     1
 44
1.0
101
Embedded Object
 70
     1
 10
1.0
 20
0.0
 30
0.0
 11
125.1389321326132
 21
130.8707876365624
 31
0.0
 40
2.094341554271522
 41
0.0
 42
2.460293219303604
 43
1.875
 71
     2
 72
     1
 44
2.094341554271522
 45
9.375
 73
     0
 74
     0
 46
0.0
  0
MTEXT
  5
7B4
330
1F
100
AcDbEntity
  8
NOMENCLATURA
370
    60
100
AcDbMText
 10
126.0004697668919
 20
121.6967886278398
 30
0.0
 40
1.875
 41
2.094341554271522
 46
0.0
 71
     1
 72
     5
  1
D3
 73
     1
 44
1.0
101
Embedded Object
 70
     1
 10
1.0
 20
0.0
 30
0.0
 11
126.0004697668919
 21
121.6967886278398
 31
0.0
 40
2.094341554271522
 41
0.0
 42
2.460293219303604
 43
1.900198533903481
 71
     2
 72
     1
 44
2.094341554271522
 45
9.375
 73
     0
 74
     0
 46
0.0
  0
MTEXT
  5
7B5
330
1F
100
AcDbEntity
  8
NOMENCLATURA
370
    60
100
AcDbMText
 10
126.3604889066046
 20
111.3431165928014
 30
0.0
 40
1.875
 41
2.094341554271522
 46
0.0
 71
     1
 72
     5
  1
D4
 73
     1
 44
1.0
101
Embedded Object
 70
     1
 10
1.0
 20
0.0
 30
0.0
 11
126.3604889066046
 21
111.3431165928014
 31
0.0
 40
2.094341554271522
 41
0.0
 42
2.433949297495418
 43
1.875
 71
     2
 72
     1
 44
2.094341554271522
 45
9.375
 73
     0
 74
     0
 46
0.0
  0
MTEXT
  5
7B6
330
1F
100
AcDbEntity
  8
NOMENCLATURA
370
    60
100
AcDbMText
 10
139.118237132483
 20
136.9104309298091
 30
0.0
 40
1.875
 41
2.094341554271522
 46
0.0
 71
     1
 72
     5
  1
D5
 73
     1
 44
1.0
101
Embedded Object
 70
     1
 10
1.0
 20
0.0
 30
0.0
 11
139.118237132483
 21
136.9104309298091
 31
0.0
 40
2.094341554271522
 41
0.0
 42
2.500381795968234
 43
1.88759926695174
 71
     2
 72
     1
 44
2.094341554271522
 45
9.375
 73
     0
 74
     0
 46
0.0
  0
MTEXT
  5
7B7
330
1F
100
AcDbEntity
  8
NOMENCLATURA
370
    60
100
AcDbMText
 10
147.3585582717642
 20
132.5338606319383
 30
0.0
 40
1.875
 41
2.094341554271522
 46
0.0
 71
     1
 72
     5
  1
D6
 73
     1
 44
1.0
101
Embedded Object
 70
     1
 10
1.0
 20
0.0
 30
0.0
 11
147.3585582717642
 21
132.5338606319383
 31
0.0
 40
2.094341554271522
 41
0.0
 42
2.549633475870495
 43
1.907070861331704
 71
     2
 72
     1
 44
2.094341554271522
 45
9.375
 73
     0
 74
     0
 46
0.0
  0
MTEXT
  5
7B8
330
1F
100
AcDbEntity
  8
NOMENCLATURA
370
    60
100
AcDbMText
 10
155.4266779941827
 20
129.1994416201014
 30
0.0
 40
1.875
 41
2.094341554271522
 46
0.0
 71
     1
 72
     5
  1
D7
 73
     1
 44
1.0
101
Embedded Object
 70
     1
 10
1.0
 20
0.0
 30
0.0
 11
155.4266779941827
 21
129.1994416201014
 31
0.0
 40
2.094341554271522
 41
0.0
 42
2.456857055589492
 43
1.875
 71
     2
 72
     1
 44
2.094341554271522
 45
9.375
 73
     0
 74
     0
 46
0.0
  0
MTEXT
  5
7B9
330
1F
100
AcDbEntity
  8
NOMENCLATURA
370
    60
100
AcDbMText
 10
163.4947977164847
 20
125.8650226084974
 30
0.0
 40
1.875
 41
2.094341554271522
 46
0.0
 71
     1
 72
     5
  1
D8
 73
     1
 44
1.0
101
Embedded Object
 70
     1
 10
1.0
 20
0.0
 30
0.0
 11
163.4947977164847
 21
125.8650226084974
 31
0.0
 40
2.094341554271522
 41
0.0
 42
2.510690287110568
 43
1.900198533903481
 71
     2
 72
     1
 44
2.094341554271522
 45
9.375
 73
     0
 74
     0
 46
0.0
  0
MTEXT
  5
7BA
330
1F
100
AcDbEntity
  8
NOMENCLATURA
370
    60
100
AcDbMText
 10
171.562917438845
 20
122.5306035968933
 30
0.0
 40
1.875
 41
2.094341554271522
 46
0.0
 71
     1
 72
     5
  1
D9
 73
     1
 44
1.0
101
Embedded Object
 70
     1
 10
1.0
 20
0.0
 30
0.0
 11
171.562917438845
 21
122.5306035968933
 31
0.0
 40
2.094341554271522
 41
0.0
 42
2.549633475870495
 43
1.907070861331704
 71
     2
 72
     1
 44
2.094341554271522
 45
9.375
 73
     0
 74
     0
 46
1.927413345913919
  0
MTEXT
  5
7BB
330
1F
100
AcDbEntity
  8
NOMENCLATURA
370
    60
100
AcDbMText
 10
178.7968461137934
 20
119.1871301806059
 30
0.0
 40
1.875
 41
2.094341554271522
 46
0.0
 71
     1
 72
     5
  1
D10
 73
     1
 44
1.0
101
Embedded Object
 70
     1
 10
1.0
 20
0.0
 30
0.0
 11
178.7968461137934
 21
119.1871301806059
 31
0.0
 40
2.094341554271522
 41
0.0
 42
3.977932193036041
 43
1.907070861331704
 71
     2
 72
     1
 44
2.094341554271522
 45
9.375
 73
     0
 74
     0
 46
0.0
  0
MTEXT
  5
7BC
330
1F
100
AcDbEntity
  8
NOMENCLATURA
370
    60
100
AcDbMText
 10
186.7097141847334
 20
115.2818952865891
 30
0.0
 40
1.875
 41
2.094341554271522
 46
0.0
 71
     1
 72
     5
  1
D11
 73
     1
 44
1.0
101
Embedded Object
 70
     1
 10
1.0
 20
0.0
 30
0.0
 11
186.7097141847334
 21
115.2818952865891
 31
0.0
 40
2.094341554271522
 41
0.0
 42
3.454489920586438
 43
1.875
 71
     2
 72
     1
 44
2.094341554271522
 45
9.375
 73
     0
 74
     0
 46
0.0
  0
MTEXT
  5
7BD
330
1F
100
AcDbEntity
  8
NOMENCLATURA
370
    60
100
AcDbMText
 10
138.2913062216102
 20
114.5168650045052
 30
0.0
 40
1.875
 41
2.094341554271522
 46
0.0
 71
     1
 72
     5
  1
D12
 73
     1
 44
1.0
101
Embedded Object
 70
     1
 10
1.0
 20
0.0
 30
0.0
 11
138.2913062216102
 21
114.5168650045052
 31
0.0
 40
2.094341554271522
 41
0.0
 42
3.892028100183262
 43
1.875
 71
     2
 72
     1
 44
2.094341554271522
 45
9.375
 73
     0
 74
     0
 46
0.0
  0
MTEXT
  5
7BE
330
1F
100
AcDbEntity
  8
NOMENCLATURA
370
    60
100
AcDbMText
 10
146.9992700494913
 20
110.4991743296377
 30
0.0
 40
1.875
 41
2.094341554271522
 46
0.0
 71
     1
 72
     5
  1
D13
 73
     1
 44
1.0
101
Embedded Object
 70
     1
 10
1.0
 20
0.0
 30
0.0
 11
146.9992700494913
 21
110.4991743296377
 31
0.0
 40
2.094341554271522
 41
0.0
 42
3.892028100183262
 43
1.900198533903481
 71
     2
 72
     1
 44
2.094341554271522
 45
9.375
 73
     0
 74
     0
 46
0.0
  0
MTEXT
  5
7BF
330
1F
100
AcDbEntity
  8
NOMENCLATURA
370
    60
100
AcDbMText
 10
225.468123396553
 20
109.8746221595902
 30
0.0
 40
1.875
 41
1.875
 46
0.0
 71
     1
 72
     5
  1
A27
 73
     1
 44
1.0
101
Embedded Object
 70
     1
 10
1.0
 20
0.0
 30
0.0
 11
225.468123396553
 21
109.8746221595902
 31
0.0
 40
1.875
 41
0.0
 42
4.108506414172265
 43
1.875
 71
     2
 72
     1
 44
1.875
 45
9.375
 73
     0
 74
     0
 46
0.0
  0
MTEXT
  5
7C0
330
1F
100
AcDbEntity
  8
NOMENCLATURA
370
    60
100
AcDbMText
 10
208.7927512546157
 20
112.0412381975438
 30
0.0
 40
1.875
 41
1.875
 46
0.0
 71
     1
 72
     5
  1
A28
 73
     1
 44
1.0
101
Embedded Object
 70
     1
 10
1.0
 20
0.0
 30
0.0
 11
208.7927512546157
 21
112.0412381975438
 31
0.0
 40
1.875
 41
0.0
 42
4.16233964569334
 43
1.900198533903481
 71
     2
 72
     1
 44
1.875
 45
9.375
 73
     0
 74
     0
 46
0.0
  0
MTEXT
  5
7C1
330
1F
100
AcDbEntity
  8
NOMENCLATURA
370
    60
100
AcDbMText
 10
205.4688176786731
 20
102.7300176703829
 30
0.0
 40
1.875
 41
1.875
 46
0.0
 71
     1
 72
     5
  1
A29
 73
     1
 44
1.0
101
Embedded Object
 70
     1
 10
1.0
 20
0.0
 30
0.0
 11
205.4688176786731
 21
102.7300176703829
 31
0.0
 40
1.875
 41
0.0
 42
4.201282834453268
 43
1.907070861331704
 71
     2
 72
     1
 44
1.875
 45
9.375
 73
     0
 74
     0
 46
0.0
  0
MTEXT
  5
7C2
330
1F
100
AcDbEntity
  8
NOMENCLATURA
370
    60
100
AcDbMText
 10
201.4434985924018
 20
94.16371323442945
 30
0.0
 40
1.875
 41
1.875
 46
0.0
 71
     1
 72
     5
  1
A30
 73
     1
 44
1.0
101
Embedded Object
 70
     1
 10
1.0
 20
0.0
 30
0.0
 11
201.4434985924018
 21
94.16371323442945
 31
0.0
 40
1.875
 41
0.0
 42
4.197846670739156
 43
1.907070861331704
 71
     2
 72
     1
 44
1.875
 45
9.375
 73
     0
 74
     0
 46
0.0
  0
MTEXT
  5
7C3
330
1F
100
AcDbEntity
  8
NOMENCLATURA
370
    60
100
AcDbMText
 10
196.6769117870572
 20
82.21262408206166
 30
0.0
 40
1.875
 41
1.875
 46
0.0
 71
     1
 72
     5
  1
A31
 73
     1
 44
1.0
101
Embedded Object
 70
     1
 10
1.0
 20
0.0
 30
0.0
 11
196.6769117870572
 21
82.21262408206166
 31
0.0
 40
1.875
 41
0.0
 42
3.674404398289554
 43
1.900198533903481
 71
     2
 72
     1
 44
1.875
 45
9.375
 73
     0
 74
     0
 46
0.0
  0
MTEXT
  5
7C4
330
1F
100
AcDbEntity
  8
NOMENCLATURA
370
    60
100
AcDbMText
 10
190.6141786731168
 20
67.96051135770904
 30
0.0
 40
1.875
 41
1.875
 46
0.0
 71
     1
 72
     5
  1
A32
 73
     1
 44
1.0
101
Embedded Object
 70
     1
 10
1.0
 20
0.0
 30
0.0
 11
190.6141786731168
 21
67.96051135770904
 31
0.0
 40
1.875
 41
0.0
 42
4.111942577886376
 43
1.900198533903481
 71
     2
 72
     1
 44
1.875
 45
9.375
 73
     0
 74
     0
 46
0.0
  0
MTEXT
  5
7C5
330
1F
100
AcDbEntity
  8
NOMENCLATURA
370
    60
100
AcDbMText
 10
187.5825709377968
 20
59.83183678700516
 30
0.0
 40
1.875
 41
1.875
 46
0.0
 71
     1
 72
     5
  1
A33
 73
     1
 44
1.0
101
Embedded Object
 70
     1
 10
1.0
 20
0.0
 30
0.0
 11
187.5825709377968
 21
59.83183678700516
 31
0.0
 40
1.875
 41
0.0
 42
4.111942577886376
 43
1.900198533903481
 71
     2
 72
     1
 44
1.875
 45
9.375
 73
     0
 74
     0
 46
0.0
  0
MTEXT
  5
7C6
330
1F
100
AcDbEntity
  8
NOMENCLATURA
370
    60
100
AcDbMText
 10
183.2128554575465
 20
52.5984108563971
 30
0.0
 40
1.875
 41
1.875
 46
0.0
 71
     1
 72
     5
  1
A34
 73
     1
 44
1.0
101
Embedded Object
 70
     1
 10
1.0
 20
0.0
 30
0.0
 11
183.2128554575465
 21
52.5984108563971
 31
0.0
 40
1.875
 41
0.0
 42
4.085598656078191
 43
1.900198533903481
 71
     2
 72
     1
 44
1.875
 45
9.375
 73
     0
 74
     0
 46
0.0
  0
MTEXT
  5
7C7
330
1F
100
AcDbEntity
  8
NOMENCLATURA
370
    60
100
AcDbMText
 10
226.518869798907
 20
91.27965969145225
 30
0.0
 40
1.875
 41
1.875
 46
0.0
 71
     1
 72
     5
  1
A35
 73
     1
 44
1.0
101
Embedded Object
 70
     1
 10
1.0
 20
0.0
 30
0.0
 11
226.518869798907
 21
91.27965969145225
 31
0.0
 40
1.875
 41
0.0
 42
4.152031154551007
 43
1.900198533903481
 71
     2
 72
     1
 44
1.875
 45
9.375
 73
     0
 74
     0
 46
0.0
  0
MTEXT
  5
7C8
330
1F
100
AcDbEntity
  8
NOMENCLATURA
370
    60
100
AcDbMText
 10
230.7084694252553
 20
75.21138100949975
 30
0.0
 40
1.875
 41
1.875
 46
0.0
 71
     1
 72
     5
  1
A36
 73
     1
 44
1.0
101
Embedded Object
 70
     1
 10
1.0
 20
0.0
 30
0.0
 11
230.7084694252553
 21
75.21138100949975
 31
0.0
 40
1.875
 41
0.0
 42
4.201282834453268
 43
1.907070861331704
 71
     2
 72
     1
 44
1.875
 45
9.375
 73
     0
 74
     0
 46
0.0
  0
MTEXT
  5
7C9
330
1F
100
AcDbEntity
  8
NOMENCLATURA
370
    60
100
AcDbMText
 10
155.2307204515527
 20
107.376858700718
 30
0.0
 40
1.875
 41
2.094341554271522
 46
0.0
 71
     1
 72
     5
  1
D14
 73
     1
 44
1.0
101
Embedded Object
 70
     1
 10
1.0
 20
0.0
 30
0.0
 11
155.2307204515527
 21
107.376858700718
 31
0.0
 40
2.094341554271522
 41
0.0
 42
3.865684178375076
 43
1.875
 71
     2
 72
     1
 44
2.094341554271522
 45
9.375
 73
     0
 74
     0
 46
0.0
  0
MTEXT
  5
7CA
330
1F
100
AcDbEntity
  8
NOMENCLATURA
370
    60
100
AcDbMText
 10
162.9849701250059
 20
103.8930612366639
 30
0.0
 40
1.875
 41
2.094341554271522
 46
0.0
 71
     1
 72
     5
  1
D15
 73
     1
 44
1.0
101
Embedded Object
 70
     1
 10
1.0
 20
0.0
 30
0.0
 11
162.9849701250059
 21
103.8930612366639
 31
0.0
 40
2.094341554271522
 41
0.0
 42
3.932116676847892
 43
1.88759926695174
 71
     2
 72
     1
 44
2.094341554271522
 45
9.375
 73
     0
 74
     0
 46
0.0
  0
MTEXT
  5
7CB
330
1F
100
AcDbEntity
  8
NOMENCLATURA
370
    60
100
AcDbMText
 10
171.3362592145422
 20
100.820578815601
 30
0.0
 40
1.875
 41
2.094341554271522
 46
0.0
 71
     1
 72
     5
  1
D16
 73
     1
 44
1.0
101
Embedded Object
 70
     1
 10
1.0
 20
0.0
 30
0.0
 11
171.3362592145422
 21
100.820578815601
 31
0.0
 40
2.094341554271522
 41
0.0
 42
3.981368356750152
 43
1.907070861331704
 71
     2
 72
     1
 44
2.094341554271522
 45
9.375
 73
     0
 74
     0
 46
0.0
  0
MTEXT
  5
7CC
330
1F
100
AcDbEntity
  8
NOMENCLATURA
370
    60
100
AcDbMText
 10
178.5994135439832
 20
96.62719470839874
 30
0.0
 40
1.875
 41
2.094341554271522
 46
0.0
 71
     1
 72
     5
  1
D17
 73
     1
 44
1.0
101
Embedded Object
 70
     1
 10
1.0
 20
0.0
 30
0.0
 11
178.5994135439832
 21
96.62719470839874
 31
0.0
 40
2.094341554271522
 41
0.0
 42
3.888591936469151
 43
1.875
 71
     2
 72
     1
 44
2.094341554271522
 45
9.375
 73
     0
 74
     0
 46
0.0
  0
MTEXT
  5
7CD
330
1F
100
AcDbEntity
  8
NOMENCLATURA
370
    60
100
AcDbMText
 10
51.05595917835308
 20
81.98103817989977
 30
0.0
 40
1.875
 41
2.094341554271522
 46
0.0
 71
     1
 72
     5
  1
E1
 73
     1
 44
1.0
101
Embedded Object
 70
     1
 10
1.0
 20
0.0
 30
0.0
 11
51.05595917835308
 21
81.98103817989977
 31
0.0
 40
2.094341554271522
 41
0.0
 42
1.880726939523518
 43
1.875
 71
     2
 72
     1
 44
2.094341554271522
 45
9.375
 73
     0
 74
     0
 46
0.0
  0
MTEXT
  5
7CE
330
1F
100
AcDbEntity
  8
NOMENCLATURA
370
    60
100
AcDbMText
 10
60.12706689383776
 20
81.65375053249226
 30
0.0
 40
1.875
 41
2.094341554271522
 46
0.0
 71
     1
 72
     5
  1
E2
 73
     1
 44
1.0
101
Embedded Object
 70
     1
 10
1.0
 20
0.0
 30
0.0
 11
60.12706689383776
 21
81.65375053249226
 31
0.0
 40
2.094341554271522
 41
0.0
 42
2.318265119120342
 43
1.875
 71
     2
 72
     1
 44
2.094341554271522
 45
9.375
 73
     0
 74
     0
 46
0.0
  0
MTEXT
  5
7CF
330
1F
100
AcDbEntity
  8
NOMENCLATURA
370
    60
100
AcDbMText
 10
69.05019193397311
 20
81.18441531360076
 30
0.0
 40
1.875
 41
2.094341554271522
 46
0.0
 71
     1
 72
     5
  1
E3
 73
     1
 44
1.0
101
Embedded Object
 70
     1
 10
1.0
 20
0.0
 30
0.0
 11
69.05019193397311
 21
81.18441531360076
 31
0.0
 40
2.094341554271522
 41
0.0
 42
2.318265119120342
 43
1.900198533903481
 71
     2
 72
     1
 44
2.094341554271522
 45
9.375
 73
     0
 74
     0
 46
0.0
  0
MTEXT
  5
7D0
330
1F
100
AcDbEntity
  8
NOMENCLATURA
370
    60
100
AcDbMText
 10
78.19604560312291
 20
81.41762484908031
 30
0.0
 40
1.875
 41
2.094341554271522
 46
0.0
 71
     1
 72
     5
  1
E4
 73
     1
 44
1.0
101
Embedded Object
 70
     1
 10
1.0
 20
0.0
 30
0.0
 11
78.19604560312291
 21
81.41762484908031
 31
0.0
 40
2.094341554271522
 41
0.0
 42
2.291921197312156
 43
1.875
 71
     2
 72
     1
 44
2.094341554271522
 45
9.375
 73
     0
 74
     0
 46
0.0
  0
MTEXT
  5
7D1
330
1F
100
AcDbEntity
  8
NOMENCLATURA
370
    60
100
AcDbMText
 10
86.70588907749333
 20
81.89958887053581
 30
0.0
 40
1.875
 41
2.094341554271522
 46
0.0
 71
     1
 72
     5
  1
E5
 73
     1
 44
1.0
101
Embedded Object
 70
     1
 10
1.0
 20
0.0
 30
0.0
 11
86.70588907749333
 21
81.89958887053581
 31
0.0
 40
2.094341554271522
 41
0.0
 42
2.358353695784972
 43
1.88759926695174
 71
     2
 72
     1
 44
2.094341554271522
 45
9.375
 73
     0
 74
     0
 46
0.0
  0
MTEXT
  5
7D2
330
1F
100
AcDbEntity
  8
NOMENCLATURA
370
    60
100
AcDbMText
 10
101.5421049159922
 20
89.67027944135407
 30
0.0
 40
1.875
 41
2.094341554271522
 46
0.0
 71
     1
 72
     5
  1
E6
 73
     1
 44
1.0
101
Embedded Object
 70
     1
 10
1.0
 20
0.0
 30
0.0
 11
101.5421049159922
 21
89.67027944135407
 31
0.0
 40
2.094341554271522
 41
0.0
 42
2.407605375687232
 43
1.907070861331704
 71
     2
 72
     1
 44
2.094341554271522
 45
9.375
 73
     0
 74
     0
 46
0.0
  0
MTEXT
  5
7D3
330
1F
100
AcDbEntity
  8
NOMENCLATURA
370
    60
100
AcDbMText
 10
101.8555150042957
 20
80.1404927293297
 30
0.0
 40
1.875
 41
2.094341554271522
 46
0.0
 71
     1
 72
     5
  1
E7
 73
     1
 44
1.0
101
Embedded Object
 70
     1
 10
1.0
 20
0.0
 30
0.0
 11
101.8555150042957
 21
80.1404927293297
 31
0.0
 40
2.094341554271522
 41
0.0
 42
2.31482895540623
 43
1.875
 71
     2
 72
     1
 44
2.094341554271522
 45
9.375
 73
     0
 74
     0
 46
0.0
  0
MTEXT
  5
7D4
330
1F
100
AcDbEntity
  8
NOMENCLATURA
370
    60
100
AcDbMText
 10
102.9901385993434
 20
72.27950408956894
 30
0.0
 40
1.875
 41
2.094341554271522
 46
0.0
 71
     1
 72
     5
  1
E8
 73
     1
 44
1.0
101
Embedded Object
 70
     1
 10
1.0
 20
0.0
 30
0.0
 11
102.9901385993434
 21
72.27950408956894
 31
0.0
 40
2.094341554271522
 41
0.0
 42
2.368662186927306
 43
1.900198533903481
 71
     2
 72
     1
 44
2.094341554271522
 45
9.375
 73
     0
 74
     0
 46
0.0
  0
MTEXT
  5
7D5
330
1F
100
AcDbEntity
  8
NOMENCLATURA
370
    60
100
AcDbMText
 10
128.3297275939112
 20
90.95131543716343
 30
0.0
 40
1.875
 41
2.094341554271522
 46
0.0
 71
     1
 72
     5
  1
F1
 73
     1
 44
1.0
101
Embedded Object
 70
     1
 10
1.0
 20
0.0
 30
0.0
 11
128.3297275939112
 21
90.95131543716343
 31
0.0
 40
2.094341554271522
 41
0.0
 42
1.766188149053145
 43
1.875
 71
     2
 72
     1
 44
2.094341554271522
 45
9.375
 73
     0
 74
     0
 46
0.0
  0
MTEXT
  5
7D6
330
1F
100
AcDbEntity
  8
NOMENCLATURA
370
    60
100
AcDbMText
 10
137.0879849832126
 20
85.3241461980615
 30
0.0
 40
1.875
 41
2.094341554271522
 46
0.0
 71
     1
 72
     5
  1
F2
 73
     1
 44
1.0
101
Embedded Object
 70
     1
 10
1.0
 20
0.0
 30
0.0
 11
137.0879849832126
 21
85.3241461980615
 31
0.0
 40
2.094341554271522
 41
0.0
 42
2.203726328649969
 43
1.875
 71
     2
 72
     1
 44
2.094341554271522
 45
9.375
 73
     0
 74
     0
 46
0.0
  0
MTEXT
  5
7D7
330
1F
100
AcDbEntity
  8
NOMENCLATURA
370
    60
100
AcDbMText
 10
145.0608182118594
 20
82.11353183952088
 30
0.0
 40
1.875
 41
2.094341554271522
 46
0.0
 71
     1
 72
     5
  1
F3
 73
     1
 44
1.0
101
Embedded Object
 70
     1
 10
1.0
 20
0.0
 30
0.0
 11
145.0608182118594
 21
82.11353183952088
 31
0.0
 40
2.094341554271522
 41
0.0
 42
2.203726328649969
 43
1.900198533903481
 71
     2
 72
     1
 44
2.094341554271522
 45
9.375
 73
     0
 74
     0
 46
0.0
  0
MTEXT
  5
7D8
330
1F
100
AcDbEntity
  8
NOMENCLATURA
370
    60
100
AcDbMText
 10
153.2511225571943
 20
78.62439594319948
 30
0.0
 40
1.875
 41
2.094341554271522
 46
0.0
 71
     1
 72
     5
  1
F4
 73
     1
 44
1.0
101
Embedded Object
 70
     1
 10
1.0
 20
0.0
 30
0.0
 11
153.2511225571943
 21
78.62439594319948
 31
0.0
 40
2.094341554271522
 41
0.0
 42
2.177382406841783
 43
1.875
 71
     2
 72
     1
 44
2.094341554271522
 45
9.375
 73
     0
 74
     0
 46
0.0
  0
MTEXT
  5
7D9
330
1F
100
AcDbEntity
  8
NOMENCLATURA
370
    60
100
AcDbMText
 10
161.2006300034554
 20
75.46768034966589
 30
0.0
 40
1.875
 41
2.094341554271522
 46
0.0
 71
     1
 72
     5
  1
F5
 73
     1
 44
1.0
101
Embedded Object
 70
     1
 10
1.0
 20
0.0
 30
0.0
 11
161.2006300034554
 21
75.46768034966589
 31
0.0
 40
2.094341554271522
 41
0.0
 42
2.243814905314599
 43
1.88759926695174
 71
     2
 72
     1
 44
2.094341554271522
 45
9.375
 73
     0
 74
     0
 46
0.0
  0
MTEXT
  5
7DA
330
1F
100
AcDbEntity
  8
NOMENCLATURA
370
    60
100
AcDbMText
 10
168.7534290931507
 20
71.61720078224243
 30
0.0
 40
1.875
 41
2.094341554271522
 46
0.0
 71
     1
 72
     5
  1
F6
 73
     1
 44
1.0
101
Embedded Object
 70
     1
 10
1.0
 20
0.0
 30
0.0
 11
168.7534290931507
 21
71.61720078224243
 31
0.0
 40
2.094341554271522
 41
0.0
 42
2.29306658521686
 43
1.907070861331704
 71
     2
 72
     1
 44
2.094341554271522
 45
9.375
 73
     0
 74
     0
 46
0.0
  0
MTEXT
  5
7DB
330
1F
100
AcDbEntity
  8
NOMENCLATURA
370
    60
100
AcDbMText
 10
134.9947501129791
 20
72.75557244564334
 30
0.0
 40
1.875
 41
2.094341554271522
 46
0.0
 71
     1
 72
     5
  1
F7
 73
     1
 44
1.0
101
Embedded Object
 70
     1
 10
1.0
 20
0.0
 30
0.0
 11
134.9947501129791
 21
72.75557244564334
 31
0.0
 40
2.094341554271522
 41
0.0
 42
2.200290164935858
 43
1.875
 71
     2
 72
     1
 44
2.094341554271522
 45
9.375
 73
     0
 74
     0
 46
0.0
  0
MTEXT
  5
7DC
330
1F
100
AcDbEntity
  8
NOMENCLATURA
370
    60
100
AcDbMText
 10
156.7662154051795
 20
63.87097784057186
 30
0.0
 40
1.875
 41
2.094341554271522
 46
0.0
 71
     1
 72
     5
  1
F8
 73
     1
 44
1.0
101
Embedded Object
 70
     1
 10
1.0
 20
0.0
 30
0.0
 11
156.7662154051795
 21
63.87097784057186
 31
0.0
 40
2.094341554271522
 41
0.0
 42
2.254123396456933
 43
1.900198533903481
 71
     2
 72
     1
 44
2.094341554271522
 45
9.375
 73
     0
 74
     0
 46
0.0
  0
MTEXT
  5
7DD
330
1F
100
AcDbEntity
  8
NOMENCLATURA
370
    60
100
AcDbMText
 10
213.8892260493449
 20
46.45423213457616
 30
0.0
 40
1.875
 41
1.875
 46
0.0
 71
     1
 72
     5
  1
\pxqc;ÁREA MUNICIPAL
 73
     1
 44
1.0
101
Embedded Object
 70
     1
 10
1.0
 20
0.0
 30
0.0
 11
213.8892260493449
 21
46.45423213457616
 31
0.0
 40
1.875
 41
0.0
 42
11.34850335980452
 43
5.443265119120342
 71
     2
 72
     1
 44
1.875
 45
9.375
 73
     0
 74
     0
 46
0.0
  0
LWPOLYLINE
  5
7DE
330
1F
100
AcDbEntity
  8
CA 4
100
AcDbPolyline
 90
       27
 70
     0
 43
0.0
 10
44.62023840924667
 20
247.1346477805164
 10
51.48818148752616
 20
242.5270408479955
 10
57.83450368871854
 20
238.5279871685889
 10
64.0543358426512
 20
234.7561194241971
 10
64.91360106265346
 20
234.2091160921373
 10
71.48345693094597
 20
230.4864069385912
 10
77.3951044500427
 20
227.2697744084981
 10
84.39344988191441
 20
223.7488672895815
 10
90.08775879249151
 20
221.1407882882741
 10
96.78182936266239
 20
218.184965343633
 10
110.6915861329617
 20
212.2298509194043
 10
121.8193941059726
 20
207.5353080047753
 10
135.59874798909
 20
201.7540655447628
 10
155.6374952280166
 20
193.2343387542751
 10
184.5871773901017
 20
181.0633000521447
 10
203.3218714695977
 20
172.8043871907976
 10
209.320459317285
 20
169.8485626144793
 10
217.5359071761923
 20
164.4150635613587
 10
228.5767810632096
 20
154.6347652538206
 10
232.4019524444448
 20
150.3314266665366
 10
235.4012547934981
 20
146.4627777798559
 10
239.5741779933305
 20
140.333791659632
 10
243.3559052942874
 20
133.7266549034502
 10
245.0945983649435
 20
130.1622806055929
 10
249.2675549871492
 20
118.2955208359744
 10
249.9195482440846
 20
115.8613072870757
 10
268.4803995032999
 20
19.1450281305697
  0
LWPOLYLINE
  5
7DF
330
1F
100
AcDbEntity
  8
CA 4
100
AcDbPolyline
 90
       27
 70
     0
 43
0.0
 10
48.5201035648206
 20
252.9476548998609
 10
55.30481889696966
 20
248.3958842979737
 10
61.51555272341648
 20
244.4822698966127
 10
67.74917783755518
 20
240.7020377430126
 10
68.52099979521881
 20
240.2107002925586
 10
74.88199338117556
 20
236.6063397824291
 10
80.64177034671592
 20
233.4723427209064
 10
87.4249318701768
 20
230.0596958419301
 10
92.95911184737633
 20
227.5249582968645
 10
99.57318653263792
 20
224.6044582055874
 10
113.4295607226522
 20
218.6721981977571
 10
124.5339500718837
 20
213.9875350128386
 10
138.3223011785158
 20
208.2025176926509
 10
158.3634089981642
 20
199.6817872714709
 10
187.35567524207
 20
187.4928453501306
 10
206.2820621292194
 20
179.1494275489349
 10
212.8121739356284
 20
175.931692733382
 10
221.8085202568182
 20
169.9817262726828
 10
233.5310930561827
 20
159.5975610261775
 10
237.7900346734532
 20
154.8062285666347
 10
241.0658195019787
 20
150.5809588687952
 10
245.5139015834866
 20
144.0478328000281
 10
249.5459643019567
 20
137.0033296751317
 10
251.5637211339635
 20
132.8668660788789
 10
255.9599558560149
 20
120.3651637944385
 10
256.7465197656275
 20
117.4285313901018
 10
275.354950740686
 20
20.46432539978923
  0
LWPOLYLINE
  5
7E0
330
1F
100
AcDbEntity
  8
DERECHO DE VIA
100
AcDbPolyline
 90
       23
 70
     0
 43
0.0
 10
59.50119483620802
 20
220.6099599007976
 10
64.44363142694055
 20
217.8094031905748
 10
70.66986794983677
 20
214.4215971899212
 10
78.11395147773146
 20
210.6764367166434
 10
84.139956036277
 20
207.9164361271069
 10
90.99973236785444
 20
204.8874444155481
 10
105.0200673400395
 20
198.8849886997595
 10
116.1963853192719
 20
194.1699806313954
 10
129.9571020962176
 20
188.3965575235888
 10
149.9909595613571
 20
179.878909682342
 10
178.8524318397248
 20
167.74495622022
 10
197.1900479607138
 20
159.6610893052529
 10
202.087621893952
 20
157.2477930825662
 10
208.6854943663202
 20
152.8841193732333
 10
218.3142776490858
 20
144.3546882967457
 10
221.2409249701159
 20
141.0621941589743
 10
223.6675136117119
 20
137.9322598096441
 10
227.2704648423096
 20
132.640420725289
 10
230.5336402068933
 20
126.9392571628086
 10
231.6942726289126
 20
124.559924982208
 10
235.404724616019
 20
114.0084032786071
 10
235.7779643781105
 20
112.6149145024355
 10
254.2402576544991
 20
16.41219807248489
  0
ENDSEC
  0
SECTION
  2
OBJECTS
  0
DICTIONARY
  5
C
330
0
100
AcDbDictionary
281
     1
  3
ACAD_CIP_PREVIOUS_PRODUCT_INFO
350
216
  3
ACAD_COLOR
350
6B
  3
ACAD_DETAILVIEWSTYLE
350
21B
  3
ACAD_GROUP
350
D
  3
ACAD_LAYOUT
350
1A
  3
ACAD_MATERIAL
350
6A
  3
ACAD_MLEADERSTYLE
350
12D
  3
ACAD_MLINESTYLE
350
17
  3
ACAD_PLOTSETTINGS
350
19
  3
ACAD_PLOTSTYLENAME
350
E
  3
ACAD_SCALELIST
350
10C
  3
ACAD_SECTIONVIEWSTYLE
350
219
  3
ACAD_TABLESTYLE
350
7E
  3
ACAD_VISUALSTYLE
350
EF
  3
ACDB_RECOMPOSE_DATA
350
7EF
  3
AcDbVariableDictionary
350
5E
  3
AEC_PROPERTY_SET_DEFS
350
557
  3
AECC_LASTSAVED_APPVERSION
350
7ED
  3
{24DE2741-47F6-4298-B91B-737E814BAE3E}
350
2AE
  0
DICTIONARY
  5
1FF
330
2
100
AcDbDictionary
280
     1
281
     1
  3
ACAD_LAYERSTATES
360
200
  0
DICTIONARY
  5
13C
330
10
100
AcDbDictionary
280
     1
281
     1
  0
DICTIONARY
  5
1CE
330
1F
100
AcDbDictionary
280
     1
281
     1
  0
XRECORD
  5
216
102
{ACAD_REACTORS
330
C
102
}
330
C
100
AcDbXrecord
280
     1
300
ACD
300
2023
300

  0
DICTIONARY
  5
6B
102
{ACAD_REACTORS
330
C
102
}
330
C
100
AcDbDictionary
281
     1
  0
DICTIONARY
  5
21B
102
{ACAD_REACTORS
330
C
102
}
330
C
100
AcDbDictionary
281
     1
  3
Metric50
350
21C
  0
DICTIONARY
  5
D
102
{ACAD_REACTORS
330
C
102
}
330
C
100
AcDbDictionary
281
     1
  0
DICTIONARY
  5
1A
102
{ACAD_REACTORS
330
C
102
}
330
C
100
AcDbDictionary
281
     1
  3
Model
350
22
  3
Presentación1
350
D3
  3
Presentación2
350
D7
  0
DICTIONARY
  5
6A
102
{ACAD_REACTORS
330
C
102
}
330
C
100
AcDbDictionary
281
     1
  3
ByBlock
350
ED
  3
ByLayer
350
EC
  3
Global
350
EE
  0
DICTIONARY
  5
12D
102
{ACAD_REACTORS
330
C
102
}
330
C
100
AcDbDictionary
281
     1
  3
Anotativo
350
13B
  3
Standard
350
12E
  0
DICTIONARY
  5
17
102
{ACAD_REACTORS
330
C
102
}
330
C
100
AcDbDictionary
281
     1
  3
Standard
350
18
  0
DICTIONARY
  5
19
102
{ACAD_REACTORS
330
C
102
}
330
C
100
AcDbDictionary
281
     1
  0
ACDBDICTIONARYWDFLT
  5
E
102
{ACAD_REACTORS
330
C
102
}
330
C
100
AcDbDictionary
281
     1
  3
Normal
350
F
100
AcDbDictionaryWithDefault
340
F
  0
DICTIONARY
  5
10C
102
{ACAD_REACTORS
330
C
102
}
330
C
100
AcDbDictionary
281
     1
  3
A0
350
10D
  3
A1
350
1BE
  3
A2
350
1BF
  3
A3
350
1C0
  3
A4
350
1C1
  3
A5
350
1C2
  3
A6
350
1C3
  3
A7
350
1C4
  3
A8
350
1C5
  3
A9
350
1C6
  3
B0
350
1C7
  3
B1
350
1C8
  3
B2
350
1C9
  3
B3
350
1CA
  3
B4
350
1CB
  3
B5
350
1CC
  3
B6
350
1CD
  0
DICTIONARY
  5
219
102
{ACAD_REACTORS
330
C
102
}
330
C
100
AcDbDictionary
281
     1
  3
Metric50
350
21A
  0
DICTIONARY
  5
7E
102
{ACAD_REACTORS
330
C
102
}
330
C
100
AcDbDictionary
281
     1
  3
Standard
350
7F
  0
DICTIONARY
  5
EF
102
{ACAD_REACTORS
330
C
102
}
330
C
100
AcDbDictionary
281
     1
  3
2dWireframe
350
F5
  3
Basic
350
F4
  3
Brighten
350
FB
  3
ColorChange
350
FF
  3
Conceptual
350
F8
  3
Dim
350
FA
  3
EdgeColorOff
350
1E6
  3
Facepattern
350
FE
  3
Flat
350
F0
  3
FlatWithEdges
350
F1
  3
Gouraud
350
F2
  3
GouraudWithEdges
350
F3
  3
Hidden
350
F7
  3
JitterOff
350
1E4
  3
Linepattern
350
FD
  3
OverhangOff
350
1E5
  3
Realistic
350
F9
  3
Shaded
350
1F3
  3
Shaded with edges
350
1F2
  3
Shades of Gray
350
1EF
  3
Sketchy
350
1F0
  3
Thicken
350
FC
  3
Wireframe
350
F6
  3
X-Ray
350
1F1
  0
XRECORD
  5
7EF
102
{ACAD_REACTORS
330
C
102
}
330
C
100
AcDbXrecord
280
     1
 90
        1
330
7F
  0
DICTIONARY
  5
5E
102
{ACAD_REACTORS
330
C
102
}
330
C
100
AcDbDictionary
281
     1
  3
CANNOSCALE
350
146
  3
CENTEREXE
350
259
  3
CENTERLTYPEFILE
350
25A
  3
CMLEADERSTYLE
350
145
  3
CTABLESTYLE
350
84
  3
CVIEWDETAILSTYLE
350
227
  3
CVIEWSECTIONSTYLE
350
228
  3
DIMASSOC
350
5F
  3
HIDETEXT
350
63
  3
LAYEREVAL
350
1AE
  3
LAYERNOTIFY
350
1AF
  0
DICTIONARY
  5
557
102
{ACAD_REACTORS
330
C
102
}
330
C
100
AcDbDictionary
281
     1
  0
XRECORD
  5
7ED
102
{ACAD_REACTORS
330
C
102
}
330
C
100
AcDbXrecord
280
     1
 70
    13
 70
     5
 70
   131
 70
     0
  0
DICTIONARY
  5
2AE
102
{ACAD_REACTORS
330
C
102
}
330
C
100
AcDbDictionary
281
     1
  3
08_12_2026-17_50_08
350
2BF
  0
DICTIONARY
  5
200
102
{ACAD_REACTORS
330
1FF
102
}
330
1FF
100
AcDbDictionary
281
     1
  0
ACDBDETAILVIEWSTYLE
  5
21C
102
{ACAD_REACTORS
330
21B
102
}
330
21B
100
AcDbModelDocViewStyle
 70
     0
  3
Metric50
290
     0
300
Metric50
 90
        0
100
AcDbDetailViewStyle
 70
     0
 71
     0
 90
        3
 71
     1
340
11
 62
   256
 40
5.0
340
0
 62
   256
 40
5.0
300

 40
0.0
280
     1
 71
     2
340
16
 90
       25
 62
   256
 71
     3
340
11
 62
   256
 40
5.0
 90
        0
 40
15.0
 90
        1
300
%<\AcVar ViewDetailId>% (%<\AcVar ViewScale \f "%sn">%)
 71
     4
340
16
 90
       25
 62
   256
340
16
 90
       25
 62
   256
280
     0
  0
LAYOUT
  5
22
102
{ACAD_XDICTIONARY
360
205
102
}
102
{ACAD_REACTORS
330
1A
102
}
330
1A
100
AcDbPlotSettings
  1

  2
none_device
  4
ISO_A4_(210.00_x_297.00_MM)
  6

 40
7.5
 41
20.0
 42
7.5
 43
20.0
 44
210.0
 45
297.0
 46
11.54999923706054
 47
-13.65000009536743
 48
0.0
 49
0.0
140
0.0
141
0.0
142
1.0
143
8.704084754739808
 70
 11952
 72
     1
 73
     0
 74
     0
  7

 75
     0
147
0.1148885871608098
 76
     0
 77
     2
 78
   300
148
0.0
149
0.0
100
AcDbLayout
  1
Model
 70
     1
 71
     0
 10
0.0
 20
0.0
 11
12.0
 21
9.0
 12
0.0
 22
0.0
 32
0.0
 14
0.0
 24
0.0
 34
0.0
 15
0.0
 25
0.0
 35
0.0
146
0.0
 13
0.0
 23
0.0
 33
0.0
 16
1.0
 26
0.0
 36
0.0
 17
0.0
 27
1.0
 37
0.0
 76
     0
330
1F
331
EA
1001
ACAD_PSEXT
1000
None
1000
None
1000
Not applicable
1000
The layout will not be plotted unless a new plotter configuration name is selected.
1070
     0
  0
LAYOUT
  5
D3
102
{ACAD_REACTORS
330
1A
102
}
330
1A
100
AcDbPlotSettings
  1

  2
C:\Documents and Settings\basas\Application Data\Autodesk\AutoCAD 2005\R16.1\enu\plotters\Default Windows System Printer.pc3
  4

  6

 40
0.0
 41
0.0
 42
0.0
 43
0.0
 44
0.0
 45
0.0
 46
0.0
 47
0.0
 48
0.0
 49
0.0
140
0.0
141
0.0
142
1.0
143
1.0
 70
   688
 72
     0
 73
     0
 74
     5
  7

 75
    16
147
1.0
 76
     0
 77
     2
 78
   300
148
0.0
149
0.0
100
AcDbLayout
  1
Presentación1
 70
     1
 71
     1
 10
0.0
 20
0.0
 11
12.0
 21
9.0
 12
0.0
 22
0.0
 32
0.0
 14
0.0
 24
0.0
 34
0.0
 15
0.0
 25
0.0
 35
0.0
146
0.0
 13
0.0
 23
0.0
 33
0.0
 16
1.0
 26
0.0
 36
0.0
 17
0.0
 27
1.0
 37
0.0
 76
     0
330
D2
  0
LAYOUT
  5
D7
102
{ACAD_REACTORS
330
1A
102
}
330
1A
100
AcDbPlotSettings
  1

  2
C:\Documents and Settings\basas\Application Data\Autodesk\AutoCAD 2005\R16.1\enu\plotters\Default Windows System Printer.pc3
  4

  6

 40
0.0
 41
0.0
 42
0.0
 43
0.0
 44
0.0
 45
0.0
 46
0.0
 47
0.0
 48
0.0
 49
0.0
140
0.0
141
0.0
142
1.0
143
1.0
 70
   688
 72
     0
 73
     0
 74
     5
  7

 75
    16
147
1.0
 76
     0
 77
     2
 78
   300
148
0.0
149
0.0
100
AcDbLayout
  1
Presentación2
 70
     1
 71
     2
 10
0.0
 20
0.0
 11
12.0
 21
9.0
 12
0.0
 22
0.0
 32
0.0
 14
0.0
 24
0.0
 34
0.0
 15
0.0
 25
0.0
 35
0.0
146
0.0
 13
0.0
 23
0.0
 33
0.0
 16
1.0
 26
0.0
 36
0.0
 17
0.0
 27
1.0
 37
0.0
 76
     0
330
D6
  0
MATERIAL
  5
ED
102
{ACAD_XDICTIONARY
360
1F9
102
}
102
{ACAD_REACTORS
330
6A
102
}
330
6A
100
AcDbMaterial
  1
ByBlock
 94
       63
  0
MATERIAL
  5
EC
102
{ACAD_XDICTIONARY
360
1F7
102
}
102
{ACAD_REACTORS
330
6A
102
}
330
6A
100
AcDbMaterial
  1
ByLayer
 94
       63
  0
MATERIAL
  5
EE
102
{ACAD_XDICTIONARY
360
173
102
}
102
{ACAD_REACTORS
330
6A
102
}
330
6A
100
AcDbMaterial
  1
Global
 43
0.0007999999797903
 43
0.0
 43
0.0
 43
0.0
 43
0.0
 43
0.0007999999797903
 43
0.0
 43
0.0
 43
0.0
 43
0.0
 43
1.0
 43
0.0
 43
0.0
 43
0.0
 43
0.0
 43
1.0
 49
0.0007999999797903
 49
0.0
 49
0.0
 49
0.0
 49
0.0
 49
0.0007999999797903
 49
0.0
 49
0.0
 49
0.0
 49
0.0
 49
1.0
 49
0.0
 49
0.0
 49
0.0
 49
0.0
 49
1.0
142
0.0007999999797903
142
0.0
142
0.0
142
0.0
142
0.0
142
0.0007999999797903
142
0.0
142
0.0
142
0.0
142
0.0
142
1.0
142
0.0
142
0.0
142
0.0
142
0.0
142
1.0
144
0.0007999999797903
144
0.0
144
0.0
144
0.0
144
0.0
144
0.0007999999797903
144
0.0
144
0.0
144
0.0
144
0.0
144
1.0
144
0.0
144
0.0
144
0.0
144
0.0
144
1.0
 94
       63
1001
ACAD
1070
    -1
1070
     3
1070
     0
1000

1071
        0
1070
     0
  0
MLEADERSTYLE
  5
13B
102
{ACAD_REACTORS
330
12D
102
}
330
12D
100
AcDbMLeaderStyle
179
     2
170
     2
171
     1
172
     0
 90
        2
 40
0.0
 41
0.0
173
     1
 91
-1056964608
340
14
 92
       -2
290
     1
 42
2.0
291
     1
 43
8.0
  3
Standard
 44
4.0
300

342
11
174
     1
178
     1
175
     1
176
     0
 93
-1056964608
 45
4.0
292
     0
297
     0
 46
4.0
 94
-1056964608
 47
1.0
 49
1.0
140
1.0
293
     1
141
0.0
294
     1
177
     0
142
1.0
295
     0
296
     1
143
3.75
271
     0
272
     9
273
     9
298
     0
  0
MLEADERSTYLE
  5
12E
102
{ACAD_REACTORS
330
12D
102
}
330
12D
100
AcDbMLeaderStyle
179
     2
170
     2
171
     1
172
     0
 90
        2
 40
0.0
 41
0.0
173
     1
 91
-1056964608
340
14
 92
       -2
290
     1
 42
2.0
291
     1
 43
8.0
  3
Standard
 44
4.0
300

342
11
174
     1
178
     1
175
     1
176
     0
 93
-1056964608
 45
4.0
292
     0
297
     0
 46
4.0
 94
-1056964608
 47
1.0
 49
1.0
140
1.0
293
     1
141
0.0
294
     1
177
     0
142
1.0
295
     0
296
     0
143
3.75
271
     0
272
     9
273
     9
298
     0
  0
MLINESTYLE
  5
18
102
{ACAD_REACTORS
330
17
102
}
330
17
100
AcDbMlineStyle
  2
STANDARD
 70
     0
  3

 62
   256
 51
90.0
 52
90.0
 71
     2
 49
0.5
 62
   256
  6
BYLAYER
 49
-0.5
 62
   256
  6
BYLAYER
  0
ACDBPLACEHOLDER
  5
F
102
{ACAD_REACTORS
330
E
102
}
330
E
  0
SCALE
  5
10D
102
{ACAD_REACTORS
330
10C
102
}
330
10C
100
AcDbScale
 70
     0
300
1:1
140
1.0
141
1.0
290
     1
  0
SCALE
  5
1BE
102
{ACAD_REACTORS
330
10C
102
}
330
10C
100
AcDbScale
 70
     0
300
1:2
140
1.0
141
2.0
290
     0
  0
SCALE
  5
1BF
102
{ACAD_REACTORS
330
10C
102
}
330
10C
100
AcDbScale
 70
     0
300
1:4
140
1.0
141
4.0
290
     0
  0
SCALE
  5
1C0
102
{ACAD_REACTORS
330
10C
102
}
330
10C
100
AcDbScale
 70
     0
300
1:5
140
1.0
141
5.0
290
     0
  0
SCALE
  5
1C1
102
{ACAD_REACTORS
330
10C
102
}
330
10C
100
AcDbScale
 70
     0
300
1:8
140
1.0
141
8.0
290
     0
  0
SCALE
  5
1C2
102
{ACAD_REACTORS
330
10C
102
}
330
10C
100
AcDbScale
 70
     0
300
1:10
140
1.0
141
10.0
290
     0
  0
SCALE
  5
1C3
102
{ACAD_REACTORS
330
10C
102
}
330
10C
100
AcDbScale
 70
     0
300
1:16
140
1.0
141
16.0
290
     0
  0
SCALE
  5
1C4
102
{ACAD_REACTORS
330
10C
102
}
330
10C
100
AcDbScale
 70
     0
300
1:20
140
1.0
141
20.0
290
     0
  0
SCALE
  5
1C5
102
{ACAD_REACTORS
330
10C
102
}
330
10C
100
AcDbScale
 70
     0
300
1:30
140
1.0
141
30.0
290
     0
  0
SCALE
  5
1C6
102
{ACAD_REACTORS
330
10C
102
}
330
10C
100
AcDbScale
 70
     0
300
1:40
140
1.0
141
40.0
290
     0
  0
SCALE
  5
1C7
102
{ACAD_REACTORS
330
10C
102
}
330
10C
100
AcDbScale
 70
     0
300
1:50
140
1.0
141
50.0
290
     0
  0
SCALE
  5
1C8
102
{ACAD_REACTORS
330
10C
102
}
330
10C
100
AcDbScale
 70
     0
300
1:100
140
1.0
141
100.0
290
     0
  0
SCALE
  5
1C9
102
{ACAD_REACTORS
330
10C
102
}
330
10C
100
AcDbScale
 70
     0
300
2:1
140
2.0
141
1.0
290
     0
  0
SCALE
  5
1CA
102
{ACAD_REACTORS
330
10C
102
}
330
10C
100
AcDbScale
 70
     0
300
4:1
140
4.0
141
1.0
290
     0
  0
SCALE
  5
1CB
102
{ACAD_REACTORS
330
10C
102
}
330
10C
100
AcDbScale
 70
     0
300
8:1
140
8.0
141
1.0
290
     0
  0
SCALE
  5
1CC
102
{ACAD_REACTORS
330
10C
102
}
330
10C
100
AcDbScale
 70
     0
300
10:1
140
10.0
141
1.0
290
     0
  0
SCALE
  5
1CD
102
{ACAD_REACTORS
330
10C
102
}
330
10C
100
AcDbScale
 70
     0
300
100:1
140
100.0
141
1.0
290
     0
  0
ACDBSECTIONVIEWSTYLE
  5
21A
102
{ACAD_REACTORS
330
219
102
}
330
219
100
AcDbModelDocViewStyle
 70
     0
  3
Metric50
290
     0
300
Metric50
 90
        0
100
AcDbSectionViewStyle
 70
     0
 71
     0
 90
      102
 71
     1
340
11
 62
   256
 40
5.0
340
0
340
0
 62
   256
 40
5.0
300
I, O, Q, S, X, Z
 40
10.0
 90
        0
 40
2.5
 90
        0
 71
     2
340
16
 90
       25
 62
   256
340
16
 90
       50
 62
   256
 40
5.0
 40
2.5
 40
5.0
 71
     3
340
11
 62
   256
 40
5.0
 90
        0
 40
15.0
 90
        1
300
%<\AcVar ViewSectionStartId>%-%<\AcVar ViewSectionEndId>% (%<\AcVar ViewScale \f "%sn">%)
 71
     4
 62
   256
 62
   257
300
ANSI31
 40
1.0
 90
        0
290
     0
290
     0
 90
        6
 40
0.0
 40
1.570796326794896
 40
0.2617993877991494
 40
1.308996938995747
 40
-0.2617993877991494
 40
1.832595714594046
  0
TABLESTYLE
  5
7F
102
{ACAD_XDICTIONARY
360
162
102
}
102
{ACAD_REACTORS
330
7E
102
}
330
7E
100
AcDbTableStyle
280
     0
  3
Standard
 70
     0
 71
     0
 40
1.5
 41
1.5
280
     0
281
     0
  7
Standard
140
4.5
170
     2
 62
     0
 63
     7
283
     0
 90
      512
 91
        0
  1

274
    -2
284
     1
 64
     0
275
    -2
285
     1
 65
     0
276
    -2
286
     1
 66
     0
277
    -2
287
     1
 67
     0
278
    -2
288
     1
 68
     0
279
    -2
289
     1
 69
     0
  7
Standard
140
6.0
170
     5
 62
     0
 63
     7
283
     0
 90
      512
 91
        0
  1

274
    -2
284
     1
 64
     0
275
    -2
285
     1
 65
     0
276
    -2
286
     1
 66
     0
277
    -2
287
     1
 67
     0
278
    -2
288
     1
 68
     0
279
    -2
289
     1
 69
     0
  7
Standard
140
4.5
170
     5
 62
     0
 63
     7
283
     0
 90
      512
 91
        0
  1

274
    -2
284
     1
 64
     0
275
    -2
285
     1
 65
     0
276
    -2
286
     1
 66
     0
277
    -2
287
     1
 67
     0
278
    -2
288
     1
 68
     0
279
    -2
289
     1
 69
     0
  0
VISUALSTYLE
  5
F5
102
{ACAD_REACTORS
330
EF
102
}
330
EF
100
AcDbVisualStyle
  2
2dWireframe
 70
     4
177
     3
291
     0
 70
    58
 90
        0
176
     1
 90
        2
176
     1
 90
        1
176
     1
 90
        0
176
     1
 40
0.6
176
     1
 40
30.0
176
     1
 62
     7
420
 16777215
176
     1
 90
        1
176
     1
 90
        4
176
     1
 62
     7
176
     1
 62
   257
176
     1
 90
        1
176
     1
 90
        1
176
     1
 40
1.0
176
     1
 90
        0
176
     1
 62
   257
176
     1
 40
1.0
176
     1
 90
        1
176
     1
 90
        6
176
     1
 90
        2
176
     1
 62
     7
176
     1
 90
        5
176
     1
 90
        0
176
     1
 90
        0
176
     1
290
     0
176
     1
 90
        1
176
     1
 40
0.0
176
     1
 90
        0
176
     1
290
     1
176
     1
290
     1
176
     1
290
     0
176
     1
290
     0
176
     1
290
     0
176
     1
290
     0
176
     1
290
     0
176
     1
290
     0
176
     1
290
     0
176
     1
 90
       50
176
     1
 40
0.0
176
     1
 40
1.0
176
     1
 90
        0
176
     1
 62
    18
420
        0
176
     1
 90
       50
176
     1
 90
        3
176
     1
 62
     5
420
      255
176
     1
290
     0
176
     1
 90
       50
176
     1
 90
       50
176
     1
 90
       50
176
     1
290
     0
176
     1
 90
       50
176
     1
 62
   256
176
     0
 40
1.0
176
     0
 90
        2
176
     1
  1
strokes_ogs.tif
176
     1
290
     0
176
     1
 40
1.0
176
     1
 40
1.0
176
     1
  0
VISUALSTYLE
  5
F4
102
{ACAD_REACTORS
330
EF
102
}
330
EF
100
AcDbVisualStyle
  2
Basic
 70
     7
177
     3
291
     1
 70
    58
 90
        1
176
     1
 90
        0
176
     1
 90
        1
176
     1
 90
        0
176
     1
 40
0.6
176
     1
 40
30.0
176
     1
 62
     7
420
 16777215
176
     1
 90
        0
176
     1
 90
        4
176
     1
 62
     7
176
     1
 62
   257
176
     1
 90
        1
176
     1
 90
        1
176
     1
 40
1.0
176
     1
 90
        8
176
     1
 62
     7
176
     1
 40
1.0
176
     1
 90
        1
176
     1
 90
        6
176
     1
 90
        2
176
     1
 62
     7
176
     1
 90
        5
176
     1
 90
        0
176
     1
 90
        0
176
     1
290
     0
176
     1
 90
        1
176
     1
 40
0.0
176
     1
 90
        0
176
     1
290
     0
176
     1
290
     1
176
     1
290
     1
176
     1
290
     0
176
     1
290
     0
176
     1
290
     0
176
     1
290
     0
176
     1
290
     0
176
     1
290
     0
176
     1
 90
       50
176
     1
 40
0.0
176
     1
 40
1.0
176
     1
 90
        0
176
     1
 62
    18
420
        0
176
     1
 90
       50
176
     1
 90
        3
176
     1
 62
     5
420
      255
176
     1
290
     0
176
     1
 90
       50
176
     1
 90
       50
176
     1
 90
       50
176
     1
290
     0
176
     1
 90
       50
176
     1
 62
   256
176
     0
 40
1.0
176
     0
 90
        2
176
     1
  1
strokes_ogs.tif
176
     1
290
     0
176
     1
 40
1.0
176
     1
 40
1.0
176
     1
  0
VISUALSTYLE
  5
FB
102
{ACAD_REACTORS
330
EF
102
}
330
EF
100
AcDbVisualStyle
  2
Brighten
 70
    12
177
     3
291
     1
 70
    58
 90
        2
176
     1
 90
        2
176
     1
 90
        1
176
     1
 90
        0
176
     1
 40
0.6
176
     1
 40
30.0
176
     1
 62
     7
420
 16777215
176
     1
 90
        1
176
     1
 90
        4
176
     1
 62
     7
176
     1
 62
   257
176
     1
 90
        1
176
     1
 90
        1
176
     1
 40
1.0
176
     1
 90
        8
176
     1
 62
     7
176
     1
 40
1.0
176
     1
 90
        1
176
     1
 90
        6
176
     1
 90
        2
176
     1
 62
     7
176
     1
 90
        5
176
     1
 90
        0
176
     1
 90
        0
176
     1
290
     0
176
     1
 90
        1
176
     1
 40
50.0
176
     1
 90
        0
176
     1
290
     0
176
     1
290
     1
176
     1
290
     1
176
     1
290
     0
176
     1
290
     0
176
     1
290
     0
176
     1
290
     0
176
     1
290
     0
176
     1
290
     0
176
     1
 90
       50
176
     1
 40
0.0
176
     1
 40
1.0
176
     1
 90
        0
176
     1
 62
    18
420
        0
176
     1
 90
       50
176
     1
 90
        3
176
     1
 62
     5
420
      255
176
     1
290
     0
176
     1
 90
       50
176
     1
 90
       50
176
     1
 90
       50
176
     1
290
     0
176
     1
 90
       50
176
     1
 62
   256
176
     0
 40
1.0
176
     0
 90
        2
176
     1
  1
strokes_ogs.tif
176
     1
290
     0
176
     1
 40
1.0
176
     1
 40
1.0
176
     1
  0
VISUALSTYLE
  5
FF
102
{ACAD_REACTORS
330
EF
102
}
330
EF
100
AcDbVisualStyle
  2
ColorChange
 70
    16
177
     3
291
     1
 70
    58
 90
        2
176
     1
 90
        2
176
     1
 90
        3
176
     1
 90
        0
176
     1
 40
0.6
176
     1
 40
30.0
176
     1
 62
     8
420
  8421504
176
     1
 90
        1
176
     1
 90
        4
176
     1
 62
     7
176
     1
 62
   257
176
     1
 90
        1
176
     1
 90
        1
176
     1
 40
1.0
176
     1
 90
        8
176
     1
 62
     8
420
  8421504
176
     1
 40
1.0
176
     1
 90
        1
176
     1
 90
        6
176
     1
 90
        2
176
     1
 62
     7
176
     1
 90
        5
176
     1
 90
        0
176
     1
 90
        0
176
     1
290
     0
176
     1
 90
        1
176
     1
 40
0.0
176
     1
 90
        0
176
     1
290
     0
176
     1
290
     1
176
     1
290
     1
176
     1
290
     0
176
     1
290
     0
176
     1
290
     0
176
     1
290
     0
176
     1
290
     0
176
     1
290
     0
176
     1
 90
       50
176
     1
 40
0.0
176
     1
 40
1.0
176
     1
 90
        0
176
     1
 62
    18
420
        0
176
     1
 90
       50
176
     1
 90
        3
176
     1
 62
     5
420
      255
176
     1
290
     0
176
     1
 90
       50
176
     1
 90
       50
176
     1
 90
       50
176
     1
290
     0
176
     1
 90
       50
176
     1
 62
   256
176
     0
 40
1.0
176
     0
 90
        2
176
     1
  1
strokes_ogs.tif
176
     1
290
     0
176
     1
 40
1.0
176
     1
 40
1.0
176
     1
  0
VISUALSTYLE
  5
F8
102
{ACAD_REACTORS
330
EF
102
}
330
EF
100
AcDbVisualStyle
  2
Conceptual
 70
     9
177
     3
291
     0
 70
    58
 90
        3
176
     1
 90
        2
176
     1
 90
        1
176
     1
 90
        0
176
     1
 40
0.6
176
     1
 40
30.0
176
     1
 62
     7
420
 16777215
176
     1
 90
        2
176
     1
 90
        2
176
     1
 62
     7
176
     1
 62
   257
176
     1
 90
        1
176
     1
 90
        1
176
     1
 40
40.0
176
     1
 90
        8
176
     1
 62
     7
176
     1
 40
1.0
176
     1
 90
        1
176
     1
 90
        6
176
     1
 90
        2
176
     1
 62
     7
176
     1
 90
        3
176
     1
 90
        0
176
     1
 90
        0
176
     1
290
     0
176
     1
 90
        1
176
     1
 40
0.0
176
     1
 90
        0
176
     1
290
     0
176
     1
290
     1
176
     1
290
     1
176
     1
290
     0
176
     1
290
     0
176
     1
290
     0
176
     1
290
     0
176
     1
290
     0
176
     1
290
     0
176
     1
 90
       50
176
     1
 40
0.0
176
     1
 40
1.0
176
     1
 90
        0
176
     1
 62
    18
420
        0
176
     1
 90
       50
176
     1
 90
        3
176
     1
 62
     5
420
      255
176
     1
290
     0
176
     1
 90
       50
176
     1
 90
       50
176
     1
 90
       50
176
     1
290
     0
176
     1
 90
       50
176
     1
 62
   256
176
     0
 40
1.0
176
     0
 90
        2
176
     1
  1
strokes_ogs.tif
176
     1
290
     0
176
     1
 40
1.0
176
     1
 40
1.0
176
     1
  0
VISUALSTYLE
  5
FA
102
{ACAD_REACTORS
330
EF
102
}
330
EF
100
AcDbVisualStyle
  2
Dim
 70
    11
177
     3
291
     1
 70
    58
 90
        2
176
     1
 90
        2
176
     1
 90
        1
176
     1
 90
        0
176
     1
 40
0.6
176
     1
 40
30.0
176
     1
 62
     7
420
 16777215
176
     1
 90
        1
176
     1
 90
        4
176
     1
 62
     7
176
     1
 62
   257
176
     1
 90
        1
176
     1
 90
        1
176
     1
 40
1.0
176
     1
 90
        8
176
     1
 62
     7
176
     1
 40
1.0
176
     1
 90
        1
176
     1
 90
        6
176
     1
 90
        2
176
     1
 62
     7
176
     1
 90
        5
176
     1
 90
        0
176
     1
 90
        0
176
     1
290
     0
176
     1
 90
        1
176
     1
 40
-50.0
176
     1
 90
        0
176
     1
290
     0
176
     1
290
     1
176
     1
290
     1
176
     1
290
     0
176
     1
290
     0
176
     1
290
     0
176
     1
290
     0
176
     1
290
     0
176
     1
290
     0
176
     1
 90
       50
176
     1
 40
0.0
176
     1
 40
1.0
176
     1
 90
        0
176
     1
 62
    18
420
        0
176
     1
 90
       50
176
     1
 90
        3
176
     1
 62
     5
420
      255
176
     1
290
     0
176
     1
 90
       50
176
     1
 90
       50
176
     1
 90
       50
176
     1
290
     0
176
     1
 90
       50
176
     1
 62
   256
176
     0
 40
1.0
176
     0
 90
        2
176
     1
  1
strokes_ogs.tif
176
     1
290
     0
176
     1
 40
1.0
176
     1
 40
1.0
176
     1
  0
VISUALSTYLE
  5
1E6
102
{ACAD_REACTORS
330
EF
102
}
330
EF
100
AcDbVisualStyle
  2
EdgeColorOff
 70
    22
177
     3
291
     1
 70
    58
 90
        2
176
     0
 90
        2
176
     0
 90
        0
176
     0
 90
        0
176
     0
 40
0.6
176
     0
 40
30.0
176
     0
 62
     7
420
 16777215
176
     0
 90
        1
176
     0
 90
        4
176
     0
 62
     7
176
     0
 62
   257
176
     0
 90
        1
176
     0
 90
        1
176
     0
 40
1.0
176
     0
 90
        8
176
     2
 62
     7
176
     0
 40
1.0
176
     0
 90
        1
176
     0
 90
        6
176
     0
 90
        2
176
     0
 62
     7
176
     0
 90
        5
176
     0
 90
        0
176
     0
 90
        0
176
     0
290
     0
176
     0
 90
        1
176
     0
 40
0.0
176
     0
 90
        0
176
     0
290
     0
176
     1
290
     1
176
     1
290
     1
176
     1
290
     0
176
     1
290
     0
176
     1
290
     0
176
     1
290
     0
176
     1
290
     0
176
     1
290
     0
176
     1
 90
       50
176
     1
 40
0.0
176
     1
 40
1.0
176
     1
 90
        0
176
     1
 62
    18
420
        0
176
     1
 90
       50
176
     1
 90
        3
176
     1
 62
     5
420
      255
176
     1
290
     0
176
     1
 90
       50
176
     1
 90
       50
176
     1
 90
       50
176
     1
290
     0
176
     1
 90
       50
176
     1
 62
   256
176
     0
 40
1.0
176
     0
 90
        2
176
     1
  1
strokes_ogs.tif
176
     1
290
     0
176
     1
 40
1.0
176
     1
 40
1.0
176
     1
  0
VISUALSTYLE
  5
FE
102
{ACAD_REACTORS
330
EF
102
}
330
EF
100
AcDbVisualStyle
  2
Facepattern
 70
    15
177
     3
291
     1
 70
    58
 90
        2
176
     1
 90
        2
176
     1
 90
        1
176
     1
 90
        0
176
     1
 40
0.6
176
     1
 40
30.0
176
     1
 62
     7
420
 16777215
176
     1
 90
        1
176
     1
 90
        4
176
     1
 62
     7
176
     1
 62
   257
176
     1
 90
        1
176
     1
 90
        1
176
     1
 40
1.0
176
     1
 90
        8
176
     1
 62
     7
176
     1
 40
1.0
176
     1
 90
        1
176
     1
 90
        6
176
     1
 90
        2
176
     1
 62
     7
176
     1
 90
        5
176
     1
 90
        0
176
     1
 90
        0
176
     1
290
     0
176
     1
 90
        1
176
     1
 40
0.0
176
     1
 90
        0
176
     1
290
     0
176
     1
290
     1
176
     1
290
     1
176
     1
290
     0
176
     1
290
     0
176
     1
290
     0
176
     1
290
     0
176
     1
290
     0
176
     1
290
     0
176
     1
 90
       50
176
     1
 40
0.0
176
     1
 40
1.0
176
     1
 90
        0
176
     1
 62
    18
420
        0
176
     1
 90
       50
176
     1
 90
        3
176
     1
 62
     5
420
      255
176
     1
290
     0
176
     1
 90
       50
176
     1
 90
       50
176
     1
 90
       50
176
     1
290
     0
176
     1
 90
       50
176
     1
 62
   256
176
     0
 40
1.0
176
     0
 90
        2
176
     1
  1
strokes_ogs.tif
176
     1
290
     0
176
     1
 40
1.0
176
     1
 40
1.0
176
     1
  0
VISUALSTYLE
  5
F0
102
{ACAD_REACTORS
330
EF
102
}
330
EF
100
AcDbVisualStyle
  2
Flat
 70
     0
177
     3
291
     1
 70
    58
 90
        2
176
     1
 90
        1
176
     1
 90
        1
176
     1
 90
        2
176
     1
 40
0.6
176
     1
 40
30.0
176
     1
 62
     7
420
 16777215
176
     1
 90
        0
176
     1
 90
        0
176
     1
 62
     7
176
     1
 62
   257
176
     1
 90
        1
176
     1
 90
        1
176
     1
 40
1.0
176
     1
 90
        8
176
     1
 62
     7
176
     1
 40
1.0
176
     1
 90
        1
176
     1
 90
        6
176
     1
 90
        2
176
     1
 62
     7
176
     1
 90
        5
176
     1
 90
        0
176
     1
 90
        0
176
     1
290
     0
176
     1
 90
       13
176
     1
 40
0.0
176
     1
 90
        0
176
     1
290
     0
176
     1
290
     1
176
     1
290
     1
176
     1
290
     0
176
     1
290
     0
176
     1
290
     0
176
     1
290
     0
176
     1
290
     0
176
     1
290
     0
176
     1
 90
       50
176
     1
 40
0.0
176
     1
 40
1.0
176
     1
 90
        0
176
     1
 62
    18
420
        0
176
     1
 90
       50
176
     1
 90
        3
176
     1
 62
     5
420
      255
176
     1
290
     0
176
     1
 90
       50
176
     1
 90
       50
176
     1
 90
       50
176
     1
290
     0
176
     1
 90
       50
176
     1
 62
   256
176
     0
 40
1.0
176
     0
 90
        2
176
     1
  1
strokes_ogs.tif
176
     1
290
     0
176
     1
 40
1.0
176
     1
 40
1.0
176
     1
  0
VISUALSTYLE
  5
F1
102
{ACAD_REACTORS
330
EF
102
}
330
EF
100
AcDbVisualStyle
  2
FlatWithEdges
 70
     1
177
     3
291
     1
 70
    58
 90
        2
176
     1
 90
        1
176
     1
 90
        1
176
     1
 90
        2
176
     1
 40
0.6
176
     1
 40
30.0
176
     1
 62
     7
420
 16777215
176
     1
 90
        1
176
     1
 90
        0
176
     1
 62
     7
176
     1
 62
   257
176
     1
 90
        1
176
     1
 90
        1
176
     1
 40
1.0
176
     1
 90
        0
176
     1
 62
   257
176
     1
 40
1.0
176
     1
 90
        1
176
     1
 90
        6
176
     1
 90
        2
176
     1
 62
     7
176
     1
 90
        5
176
     1
 90
        0
176
     1
 90
        0
176
     1
290
     0
176
     1
 90
       13
176
     1
 40
0.0
176
     1
 90
        0
176
     1
290
     0
176
     1
290
     1
176
     1
290
     1
176
     1
290
     0
176
     1
290
     0
176
     1
290
     0
176
     1
290
     0
176
     1
290
     0
176
     1
290
     0
176
     1
 90
       50
176
     1
 40
0.0
176
     1
 40
1.0
176
     1
 90
        0
176
     1
 62
    18
420
        0
176
     1
 90
       50
176
     1
 90
        3
176
     1
 62
     5
420
      255
176
     1
290
     0
176
     1
 90
       50
176
     1
 90
       50
176
     1
 90
       50
176
     1
290
     0
176
     1
 90
       50
176
     1
 62
   256
176
     0
 40
1.0
176
     0
 90
        2
176
     1
  1
strokes_ogs.tif
176
     1
290
     0
176
     1
 40
1.0
176
     1
 40
1.0
176
     1
  0
VISUALSTYLE
  5
F2
102
{ACAD_REACTORS
330
EF
102
}
330
EF
100
AcDbVisualStyle
  2
Gouraud
 70
     2
177
     3
291
     1
 70
    58
 90
        2
176
     1
 90
        2
176
     1
 90
        1
176
     1
 90
        2
176
     1
 40
0.6
176
     1
 40
30.0
176
     1
 62
     7
420
 16777215
176
     1
 90
        0
176
     1
 90
        0
176
     1
 62
     7
176
     1
 62
   257
176
     1
 90
        1
176
     1
 90
        1
176
     1
 40
1.0
176
     1
 90
        0
176
     1
 62
     7
176
     1
 40
1.0
176
     1
 90
        1
176
     1
 90
        6
176
     1
 90
        2
176
     1
 62
     7
176
     1
 90
        5
176
     1
 90
        0
176
     1
 90
        0
176
     1
290
     0
176
     1
 90
       13
176
     1
 40
0.0
176
     1
 90
        0
176
     1
290
     0
176
     1
290
     1
176
     1
290
     1
176
     1
290
     0
176
     1
290
     0
176
     1
290
     0
176
     1
290
     0
176
     1
290
     0
176
     1
290
     0
176
     1
 90
       50
176
     1
 40
0.0
176
     1
 40
1.0
176
     1
 90
        0
176
     1
 62
    18
420
        0
176
     1
 90
       50
176
     1
 90
        3
176
     1
 62
     5
420
      255
176
     1
290
     0
176
     1
 90
       50
176
     1
 90
       50
176
     1
 90
       50
176
     1
290
     0
176
     1
 90
       50
176
     1
 62
   256
176
     0
 40
1.0
176
     0
 90
        2
176
     1
  1
strokes_ogs.tif
176
     1
290
     0
176
     1
 40
1.0
176
     1
 40
1.0
176
     1
  0
VISUALSTYLE
  5
F3
102
{ACAD_REACTORS
330
EF
102
}
330
EF
100
AcDbVisualStyle
  2
GouraudWithEdges
 70
     3
177
     3
291
     1
 70
    58
 90
        2
176
     1
 90
        2
176
     1
 90
        1
176
     1
 90
        2
176
     1
 40
0.6
176
     1
 40
30.0
176
     1
 62
     7
420
 16777215
176
     1
 90
        1
176
     1
 90
        0
176
     1
 62
     7
176
     1
 62
   257
176
     1
 90
        1
176
     1
 90
        1
176
     1
 40
1.0
176
     1
 90
        0
176
     1
 62
   257
176
     1
 40
1.0
176
     1
 90
        1
176
     1
 90
        6
176
     1
 90
        2
176
     1
 62
     7
176
     1
 90
        5
176
     1
 90
        0
176
     1
 90
        0
176
     1
290
     0
176
     1
 90
       13
176
     1
 40
0.0
176
     1
 90
        0
176
     1
290
     0
176
     1
290
     1
176
     1
290
     1
176
     1
290
     0
176
     1
290
     0
176
     1
290
     0
176
     1
290
     0
176
     1
290
     0
176
     1
290
     0
176
     1
 90
       50
176
     1
 40
0.0
176
     1
 40
1.0
176
     1
 90
        0
176
     1
 62
    18
420
        0
176
     1
 90
       50
176
     1
 90
        3
176
     1
 62
     5
420
      255
176
     1
290
     0
176
     1
 90
       50
176
     1
 90
       50
176
     1
 90
       50
176
     1
290
     0
176
     1
 90
       50
176
     1
 62
   256
176
     0
 40
1.0
176
     0
 90
        2
176
     1
  1
strokes_ogs.tif
176
     1
290
     0
176
     1
 40
1.0
176
     1
 40
1.0
176
     1
  0
VISUALSTYLE
  5
F7
102
{ACAD_REACTORS
330
EF
102
}
330
EF
100
AcDbVisualStyle
  2
Hidden
 70
     6
177
     3
291
     0
 70
    58
 90
        1
176
     1
 90
        2
176
     1
 90
        2
176
     1
 90
        0
176
     1
 40
0.6
176
     1
 40
30.0
176
     1
 62
     7
420
 16777215
176
     1
 90
        2
176
     1
 90
        2
176
     1
 62
     7
176
     1
 62
   257
176
     1
 90
        2
176
     1
 90
        1
176
     1
 40
40.0
176
     1
 90
        0
176
     1
 62
   257
176
     1
 40
1.0
176
     1
 90
        1
176
     1
 90
        6
176
     1
 90
        2
176
     1
 62
     7
176
     1
 90
        3
176
     1
 90
        0
176
     1
 90
        0
176
     1
290
     0
176
     1
 90
        1
176
     1
 40
0.0
176
     1
 90
        0
176
     1
290
     0
176
     1
290
     1
176
     1
290
     1
176
     1
290
     0
176
     1
290
     0
176
     1
290
     0
176
     1
290
     0
176
     1
290
     0
176
     1
290
     0
176
     1
 90
       50
176
     1
 40
0.0
176
     1
 40
1.0
176
     1
 90
        0
176
     1
 62
    18
420
        0
176
     1
 90
       50
176
     1
 90
        3
176
     1
 62
     5
420
      255
176
     1
290
     0
176
     1
 90
       50
176
     1
 90
       50
176
     1
 90
       50
176
     1
290
     0
176
     1
 90
       50
176
     1
 62
   256
176
     0
 40
1.0
176
     0
 90
        2
176
     1
  1
strokes_ogs.tif
176
     1
290
     0
176
     1
 40
1.0
176
     1
 40
1.0
176
     1
  0
VISUALSTYLE
  5
1E4
102
{ACAD_REACTORS
330
EF
102
}
330
EF
100
AcDbVisualStyle
  2
JitterOff
 70
    20
177
     3
291
     1
 70
    58
 90
        2
176
     0
 90
        2
176
     0
 90
        0
176
     0
 90
        0
176
     0
 40
0.6
176
     0
 40
30.0
176
     0
 62
     7
420
 16777215
176
     0
 90
        1
176
     0
 90
        4
176
     0
 62
     7
176
     0
 62
   257
176
     0
 90
        1
176
     0
 90
        1
176
     0
 40
1.0
176
     0
 90
       10
176
     2
 62
     7
176
     0
 40
1.0
176
     0
 90
        1
176
     0
 90
        6
176
     0
 90
        2
176
     0
 62
     7
176
     0
 90
        5
176
     0
 90
        0
176
     0
 90
        0
176
     0
290
     0
176
     0
 90
        1
176
     0
 40
0.0
176
     0
 90
        0
176
     0
290
     0
176
     1
290
     1
176
     1
290
     1
176
     1
290
     0
176
     1
290
     0
176
     1
290
     0
176
     1
290
     0
176
     1
290
     0
176
     1
290
     0
176
     1
 90
       50
176
     1
 40
0.0
176
     1
 40
1.0
176
     1
 90
        0
176
     1
 62
    18
420
        0
176
     1
 90
       50
176
     1
 90
        3
176
     1
 62
     5
420
      255
176
     1
290
     0
176
     1
 90
       50
176
     1
 90
       50
176
     1
 90
       50
176
     1
290
     0
176
     1
 90
       50
176
     1
 62
   256
176
     0
 40
1.0
176
     0
 90
        2
176
     1
  1
strokes_ogs.tif
176
     1
290
     0
176
     1
 40
1.0
176
     1
 40
1.0
176
     1
  0
VISUALSTYLE
  5
FD
102
{ACAD_REACTORS
330
EF
102
}
330
EF
100
AcDbVisualStyle
  2
Linepattern
 70
    14
177
     3
291
     1
 70
    58
 90
        2
176
     1
 90
        2
176
     1
 90
        1
176
     1
 90
        0
176
     1
 40
0.6
176
     1
 40
30.0
176
     1
 62
     7
420
 16777215
176
     1
 90
        1
176
     1
 90
        4
176
     1
 62
     7
176
     1
 62
   257
176
     1
 90
        7
176
     1
 90
        7
176
     1
 40
1.0
176
     1
 90
        8
176
     1
 62
     7
176
     1
 40
1.0
176
     1
 90
        1
176
     1
 90
        6
176
     1
 90
        2
176
     1
 62
     7
176
     1
 90
        5
176
     1
 90
        0
176
     1
 90
        0
176
     1
290
     0
176
     1
 90
        1
176
     1
 40
0.0
176
     1
 90
        0
176
     1
290
     0
176
     1
290
     1
176
     1
290
     1
176
     1
290
     0
176
     1
290
     0
176
     1
290
     0
176
     1
290
     0
176
     1
290
     0
176
     1
290
     0
176
     1
 90
       50
176
     1
 40
0.0
176
     1
 40
1.0
176
     1
 90
        0
176
     1
 62
    18
420
        0
176
     1
 90
       50
176
     1
 90
        3
176
     1
 62
     5
420
      255
176
     1
290
     0
176
     1
 90
       50
176
     1
 90
       50
176
     1
 90
       50
176
     1
290
     0
176
     1
 90
       50
176
     1
 62
   256
176
     0
 40
1.0
176
     0
 90
        2
176
     1
  1
strokes_ogs.tif
176
     1
290
     0
176
     1
 40
1.0
176
     1
 40
1.0
176
     1
  0
VISUALSTYLE
  5
1E5
102
{ACAD_REACTORS
330
EF
102
}
330
EF
100
AcDbVisualStyle
  2
OverhangOff
 70
    21
177
     3
291
     1
 70
    58
 90
        2
176
     0
 90
        2
176
     0
 90
        0
176
     0
 90
        0
176
     0
 40
0.6
176
     0
 40
30.0
176
     0
 62
     7
420
 16777215
176
     0
 90
        1
176
     0
 90
        4
176
     0
 62
     7
176
     0
 62
   257
176
     0
 90
        1
176
     0
 90
        1
176
     0
 40
1.0
176
     0
 90
        9
176
     2
 62
     7
176
     0
 40
1.0
176
     0
 90
        1
176
     0
 90
        6
176
     0
 90
        2
176
     0
 62
     7
176
     0
 90
        5
176
     0
 90
        0
176
     0
 90
        0
176
     0
290
     0
176
     0
 90
        1
176
     0
 40
0.0
176
     0
 90
        0
176
     0
290
     0
176
     1
290
     1
176
     1
290
     1
176
     1
290
     0
176
     1
290
     0
176
     1
290
     0
176
     1
290
     0
176
     1
290
     0
176
     1
290
     0
176
     1
 90
       50
176
     1
 40
0.0
176
     1
 40
1.0
176
     1
 90
        0
176
     1
 62
    18
420
        0
176
     1
 90
       50
176
     1
 90
        3
176
     1
 62
     5
420
      255
176
     1
290
     0
176
     1
 90
       50
176
     1
 90
       50
176
     1
 90
       50
176
     1
290
     0
176
     1
 90
       50
176
     1
 62
   256
176
     0
 40
1.0
176
     0
 90
        2
176
     1
  1
strokes_ogs.tif
176
     1
290
     0
176
     1
 40
1.0
176
     1
 40
1.0
176
     1
  0
VISUALSTYLE
  5
F9
102
{ACAD_REACTORS
330
EF
102
}
330
EF
100
AcDbVisualStyle
  2
Realistic
 70
     8
177
     3
291
     0
 70
    58
 90
        2
176
     1
 90
        3
176
     1
 90
        0
176
     1
 90
        2
176
     1
 40
0.6
176
     1
 40
30.0
176
     1
 62
     7
420
 16777215
176
     1
 90
        0
176
     1
 90
        0
176
     1
 62
     7
176
     1
 62
   257
176
     1
 90
        1
176
     1
 90
        1
176
     1
 40
1.0
176
     1
 90
        8
176
     1
 62
   257
176
     1
 40
1.0
176
     1
 90
        1
176
     1
 90
        6
176
     1
 90
        2
176
     1
 62
     7
176
     1
 90
        3
176
     1
 90
        0
176
     1
 90
        0
176
     1
290
     0
176
     1
 90
       13
176
     1
 40
0.0
176
     1
 90
        0
176
     1
290
     0
176
     1
290
     1
176
     1
290
     1
176
     1
290
     0
176
     1
290
     0
176
     1
290
     0
176
     1
290
     0
176
     1
290
     0
176
     1
290
     0
176
     1
 90
       50
176
     1
 40
0.0
176
     1
 40
1.0
176
     1
 90
        0
176
     1
 62
    18
420
        0
176
     1
 90
       50
176
     1
 90
        3
176
     1
 62
     5
420
      255
176
     1
290
     0
176
     1
 90
       50
176
     1
 90
       50
176
     1
 90
       50
176
     1
290
     0
176
     1
 90
       50
176
     1
 62
   256
176
     0
 40
1.0
176
     0
 90
        2
176
     1
  1
strokes_ogs.tif
176
     1
290
     0
176
     1
 40
1.0
176
     1
 40
1.0
176
     1
  0
VISUALSTYLE
  5
1F3
102
{ACAD_REACTORS
330
EF
102
}
330
EF
100
AcDbVisualStyle
  2
Shaded
 70
    27
177
     3
291
     0
 70
    58
 90
        2
176
     1
 90
        2
176
     1
 90
        1
176
     1
 90
        2
176
     1
 40
0.6
176
     1
 40
30.0
176
     1
 62
     7
420
 16777215
176
     1
 90
        0
176
     1
 90
        4
176
     1
 62
     7
176
     1
 62
   257
176
     1
 90
        1
176
     1
 90
        1
176
     1
 40
1.0
176
     1
 90
        8
176
     1
 62
   257
176
     1
 40
1.0
176
     1
 90
        1
176
     1
 90
        6
176
     1
 90
        2
176
     1
 62
     8
420
  7895160
176
     1
 90
        3
176
     1
 90
        0
176
     1
 90
        0
176
     1
290
     0
176
     1
 90
        5
176
     1
 40
0.0
176
     1
 90
        0
176
     1
290
     0
176
     1
290
     1
176
     1
290
     1
176
     1
290
     0
176
     1
290
     0
176
     1
290
     0
176
     1
290
     0
176
     1
290
     0
176
     1
290
     0
176
     1
 90
       50
176
     1
 40
0.0
176
     1
 40
1.0
176
     1
 90
        0
176
     1
 62
    18
420
        0
176
     1
 90
       50
176
     1
 90
        3
176
     1
 62
     5
420
      255
176
     1
290
     0
176
     1
 90
       50
176
     1
 90
       50
176
     1
 90
       50
176
     1
290
     0
176
     1
 90
       50
176
     1
 62
   256
176
     0
 40
1.0
176
     0
 90
        2
176
     1
  1
strokes_ogs.tif
176
     1
290
     0
176
     1
 40
1.0
176
     1
 40
1.0
176
     1
  0
VISUALSTYLE
  5
1F2
102
{ACAD_REACTORS
330
EF
102
}
330
EF
100
AcDbVisualStyle
  2
Shaded with edges
 70
    26
177
     3
291
     0
 70
    58
 90
        2
176
     1
 90
        2
176
     1
 90
        1
176
     1
 90
        2
176
     1
 40
0.6
176
     1
 40
30.0
176
     1
 62
     7
420
 16777215
176
     1
 90
        1
176
     1
 90
        2
176
     1
 62
     7
176
     1
 62
   257
176
     1
 90
        2
176
     1
 90
        1
176
     1
 40
1.0
176
     1
 90
        8
176
     1
 62
   257
176
     1
 40
1.0
176
     1
 90
        1
176
     1
 90
        6
176
     1
 90
        2
176
     1
 62
     7
176
     1
 90
        3
176
     1
 90
        0
176
     1
 90
        0
176
     1
290
     0
176
     1
 90
        5
176
     1
 40
0.0
176
     1
 90
        0
176
     1
290
     0
176
     1
290
     1
176
     1
290
     1
176
     1
290
     0
176
     1
290
     0
176
     1
290
     0
176
     1
290
     0
176
     1
290
     0
176
     1
290
     0
176
     1
 90
       50
176
     1
 40
0.0
176
     1
 40
1.0
176
     1
 90
        0
176
     1
 62
    18
420
        0
176
     1
 90
       50
176
     1
 90
        3
176
     1
 62
     5
420
      255
176
     1
290
     0
176
     1
 90
       50
176
     1
 90
       50
176
     1
 90
       50
176
     1
290
     0
176
     1
 90
       50
176
     1
 62
   256
176
     0
 40
1.0
176
     0
 90
        2
176
     1
  1
strokes_ogs.tif
176
     1
290
     0
176
     1
 40
1.0
176
     1
 40
1.0
176
     1
  0
VISUALSTYLE
  5
1EF
102
{ACAD_REACTORS
330
EF
102
}
330
EF
100
AcDbVisualStyle
  2
Shades of Gray
 70
    23
177
     3
291
     0
 70
    58
 90
        2
176
     1
 90
        2
176
     1
 90
        3
176
     1
 90
        0
176
     1
 40
0.6
176
     1
 40
30.0
176
     1
 62
     7
420
 16777215
176
     1
 90
        2
176
     1
 90
        2
176
     1
 62
     7
176
     1
 62
     7
176
     1
 90
        1
176
     1
 90
        1
176
     1
 40
40.0
176
     1
 90
        8
176
     1
 62
     7
176
     1
 40
1.0
176
     1
 90
        1
176
     1
 90
        6
176
     1
 90
        2
176
     1
 62
     7
176
     1
 90
        3
176
     1
 90
        0
176
     1
 90
        0
176
     1
290
     0
176
     1
 90
        1
176
     1
 40
0.0
176
     1
 90
        0
176
     1
290
     0
176
     1
290
     1
176
     1
290
     1
176
     1
290
     0
176
     1
290
     0
176
     1
290
     0
176
     1
290
     0
176
     1
290
     0
176
     1
290
     0
176
     1
 90
       50
176
     1
 40
0.0
176
     1
 40
1.0
176
     1
 90
        0
176
     1
 62
    18
420
        0
176
     1
 90
       50
176
     1
 90
        3
176
     1
 62
     5
420
      255
176
     1
290
     0
176
     1
 90
       50
176
     1
 90
       50
176
     1
 90
       50
176
     1
290
     0
176
     1
 90
       50
176
     1
 62
   256
176
     0
 40
1.0
176
     0
 90
        2
176
     1
  1
strokes_ogs.tif
176
     1
290
     0
176
     1
 40
1.0
176
     1
 40
1.0
176
     1
  0
VISUALSTYLE
  5
1F0
102
{ACAD_REACTORS
330
EF
102
}
330
EF
100
AcDbVisualStyle
  2
Sketchy
 70
    24
177
     3
291
     0
 70
    58
 90
        1
176
     1
 90
        2
176
     1
 90
        2
176
     1
 90
        0
176
     1
 40
0.6
176
     1
 40
30.0
176
     1
 62
     7
420
 16777215
176
     1
 90
        2
176
     1
 90
        2
176
     1
 62
     7
176
     1
 62
     7
176
     1
 90
        1
176
     1
 90
        1
176
     1
 40
40.0
176
     1
 90
       11
176
     1
 62
     7
176
     1
 40
1.0
176
     1
 90
        1
176
     1
 90
        6
176
     1
 90
        2
176
     1
 62
     7
176
     1
 90
        6
176
     1
 90
        0
176
     1
 90
        0
176
     1
290
     0
176
     1
 90
        1
176
     1
 40
0.0
176
     1
 90
        0
176
     1
290
     0
176
     1
290
     1
176
     1
290
     1
176
     1
290
     0
176
     1
290
     0
176
     1
290
     0
176
     1
290
     0
176
     1
290
     0
176
     1
290
     0
176
     1
 90
       50
176
     1
 40
0.0
176
     1
 40
1.0
176
     1
 90
        0
176
     1
 62
    18
420
        0
176
     1
 90
       50
176
     1
 90
        3
176
     1
 62
     5
420
      255
176
     1
290
     0
176
     1
 90
       50
176
     1
 90
       50
176
     1
 90
       50
176
     1
290
     0
176
     1
 90
       50
176
     1
 62
   256
176
     0
 40
1.0
176
     0
 90
        2
176
     1
  1
strokes_ogs.tif
176
     1
290
     0
176
     1
 40
1.0
176
     1
 40
1.0
176
     1
  0
VISUALSTYLE
  5
FC
102
{ACAD_REACTORS
330
EF
102
}
330
EF
100
AcDbVisualStyle
  2
Thicken
 70
    13
177
     3
291
     1
 70
    58
 90
        2
176
     1
 90
        2
176
     1
 90
        1
176
     1
 90
        0
176
     1
 40
0.6
176
     1
 40
30.0
176
     1
 62
     7
420
 16777215
176
     1
 90
        1
176
     1
 90
        4
176
     1
 62
     7
176
     1
 62
   257
176
     1
 90
        1
176
     1
 90
        1
176
     1
 40
1.0
176
     1
 90
       12
176
     1
 62
     7
176
     1
 40
1.0
176
     1
 90
        1
176
     1
 90
        6
176
     1
 90
        2
176
     1
 62
     7
176
     1
 90
        5
176
     1
 90
        0
176
     1
 90
        0
176
     1
290
     0
176
     1
 90
        1
176
     1
 40
0.0
176
     1
 90
        0
176
     1
290
     0
176
     1
290
     1
176
     1
290
     1
176
     1
290
     0
176
     1
290
     0
176
     1
290
     0
176
     1
290
     0
176
     1
290
     0
176
     1
290
     0
176
     1
 90
       50
176
     1
 40
0.0
176
     1
 40
1.0
176
     1
 90
        0
176
     1
 62
    18
420
        0
176
     1
 90
       50
176
     1
 90
        3
176
     1
 62
     5
420
      255
176
     1
290
     0
176
     1
 90
       50
176
     1
 90
       50
176
     1
 90
       50
176
     1
290
     0
176
     1
 90
       50
176
     1
 62
   256
176
     0
 40
1.0
176
     0
 90
        2
176
     1
  1
strokes_ogs.tif
176
     1
290
     0
176
     1
 40
1.0
176
     1
 40
1.0
176
     1
  0
VISUALSTYLE
  5
F6
102
{ACAD_REACTORS
330
EF
102
}
330
EF
100
AcDbVisualStyle
  2
Wireframe
 70
     5
177
     3
291
     0
 70
    58
 90
        0
176
     1
 90
        2
176
     1
 90
        0
176
     1
 90
        0
176
     1
 40
0.6
176
     1
 40
30.0
176
     1
 62
     7
420
 16777215
176
     1
 90
        1
176
     1
 90
        4
176
     1
 62
     7
176
     1
 62
   257
176
     1
 90
        1
176
     1
 90
        1
176
     1
 40
1.0
176
     1
 90
        0
176
     1
 62
   257
176
     1
 40
1.0
176
     1
 90
        1
176
     1
 90
        6
176
     1
 90
        2
176
     1
 62
     7
176
     1
 90
        3
176
     1
 90
        0
176
     1
 90
        0
176
     1
290
     0
176
     1
 90
        1
176
     1
 40
0.0
176
     1
 90
        0
176
     1
290
     0
176
     1
290
     1
176
     1
290
     1
176
     1
290
     0
176
     1
290
     0
176
     1
290
     0
176
     1
290
     0
176
     1
290
     0
176
     1
290
     0
176
     1
 90
       50
176
     1
 40
0.0
176
     1
 40
1.0
176
     1
 90
        0
176
     1
 62
    18
420
        0
176
     1
 90
       50
176
     1
 90
        3
176
     1
 62
     5
420
      255
176
     1
290
     0
176
     1
 90
       50
176
     1
 90
       50
176
     1
 90
       50
176
     1
290
     0
176
     1
 90
       50
176
     1
 62
   256
176
     0
 40
1.0
176
     0
 90
        2
176
     1
  1
strokes_ogs.tif
176
     1
290
     0
176
     1
 40
1.0
176
     1
 40
1.0
176
     1
  0
VISUALSTYLE
  5
1F1
102
{ACAD_REACTORS
330
EF
102
}
330
EF
100
AcDbVisualStyle
  2
X-Ray
 70
    25
177
     3
291
     0
 70
    58
 90
        2
176
     1
 90
        2
176
     1
 90
        1
176
     1
 90
        1
176
     1
 40
0.5
176
     1
 40
30.0
176
     1
 62
     7
420
 16777215
176
     1
 90
        1
176
     1
 90
        0
176
     1
 62
     7
176
     1
 62
   257
176
     1
 90
        1
176
     1
 90
        1
176
     1
 40
1.0
176
     1
 90
        8
176
     1
 62
     7
176
     1
 40
1.0
176
     1
 90
        1
176
     1
 90
        6
176
     1
 90
        2
176
     1
 62
     7
176
     1
 90
        3
176
     1
 90
        0
176
     1
 90
        0
176
     1
290
     0
176
     1
 90
       13
176
     1
 40
0.0
176
     1
 90
        0
176
     1
290
     0
176
     1
290
     1
176
     1
290
     1
176
     1
290
     0
176
     1
290
     0
176
     1
290
     0
176
     1
290
     0
176
     1
290
     0
176
     1
290
     0
176
     1
 90
       50
176
     1
 40
0.0
176
     1
 40
1.0
176
     1
 90
        0
176
     1
 62
    18
420
        0
176
     1
 90
       50
176
     1
 90
        3
176
     1
 62
     5
420
      255
176
     1
290
     0
176
     1
 90
       50
176
     1
 90
       50
176
     1
 90
       50
176
     1
290
     0
176
     1
 90
       50
176
     1
 62
   256
176
     0
 40
1.0
176
     0
 90
        2
176
     1
  1
strokes_ogs.tif
176
     1
290
     0
176
     1
 40
1.0
176
     1
 40
1.0
176
     1
  0
DICTIONARYVAR
  5
146
102
{ACAD_REACTORS
330
5E
102
}
330
5E
100
DictionaryVariables
280
     0
  1
1:1
  0
DICTIONARYVAR
  5
259
102
{ACAD_REACTORS
330
5E
102
}
330
5E
100
DictionaryVariables
280
     0
  1
3.500000
  0
DICTIONARYVAR
  5
25A
102
{ACAD_REACTORS
330
5E
102
}
330
5E
100
DictionaryVariables
280
     0
  1
acadiso.lin
  0
DICTIONARYVAR
  5
145
102
{ACAD_REACTORS
330
5E
102
}
330
5E
100
DictionaryVariables
280
     0
  1
STANDARD
  0
DICTIONARYVAR
  5
84
102
{ACAD_REACTORS
330
5E
102
}
330
5E
100
DictionaryVariables
280
     0
  1
STANDARD
  0
DICTIONARYVAR
  5
227
102
{ACAD_REACTORS
330
5E
102
}
330
5E
100
DictionaryVariables
280
     0
  1
Metric50
  0
DICTIONARYVAR
  5
228
102
{ACAD_REACTORS
330
5E
102
}
330
5E
100
DictionaryVariables
280
     0
  1
Metric50
  0
DICTIONARYVAR
  5
5F
102
{ACAD_REACTORS
330
5E
102
}
330
5E
100
DictionaryVariables
280
     0
  1
2
  0
DICTIONARYVAR
  5
63
102
{ACAD_REACTORS
330
5E
102
}
330
5E
100
DictionaryVariables
280
     0
  1
1
  0
DICTIONARYVAR
  5
1AE
102
{ACAD_REACTORS
330
5E
102
}
330
5E
100
DictionaryVariables
280
     0
  1
0
  0
DICTIONARYVAR
  5
1AF
102
{ACAD_REACTORS
330
5E
102
}
330
5E
100
DictionaryVariables
280
     0
  1
0
  0
XRECORD
  5
2BF
102
{ACAD_REACTORS
330
2AE
102
}
330
2AE
100
AcDbXrecord
280
     1
160
        1786557008
 70
  1214
  1
13.5.131.0
  1
C3D_131_20220225_1118
  1
Autodesk Civil 3D
  1
131_20220225_1118
  1
ACAD-6101:40A
  0
DICTIONARY
  5
205
330
22
100
AcDbDictionary
280
     1
281
     1
  0
DICTIONARY
  5
1F9
330
ED
100
AcDbDictionary
280
     1
281
     1
  3
FBXASSET
360
1FA
  0
DICTIONARY
  5
1F7
330
EC
100
AcDbDictionary
280
     1
281
     1
  3
FBXASSET
360
1F8
  0
DICTIONARY
  5
173
330
EE
100
AcDbDictionary
280
     1
281
     1
  3
BUMPTILE
360
175
  3
DIFFUSETILE
360
174
  3
FBXASSET
360
1FB
  3
OPACITYTILE
360
176
  3
REFLECTIONTILE
360
177
  0
DICTIONARY
  5
162
330
7F
100
AcDbDictionary
280
     1
281
     1
  3
ACAD_ROUNDTRIP_2008_TABLESTYLE_CELLSTYLEMAP
360
7EE
  0
XRECORD
  5
1FA
102
{ACAD_REACTORS
330
1F9
102
}
330
1F9
100
AcDbXrecord
280
     1
 70
     1
 90
429727718
  1
D62C5603-E3A1-4AEA-B7FB-FE5D8D0755AF
310
504B03040A0000080000CC70623B3DEE336E79000000790000001B0000006175746F6465736B2D64657369676E2D7061636B6167652E786D6C3C3F786D6C2076657273696F6E3D22312E302220656E636F64696E673D227574662D3822203F3E3C666F726D6174733E3C666F726D61743E687474703A2F2F736368656D612E
310
6175746F6465736B2E636F6D2F64657369676E2D7061636B6167652F323030393C2F666F726D61743E3C2F666F726D6174733E504B0304140006080800CC70623BD486FD9CA0000000F4000000130000005B436F6E74656E745F54797065735D2E786D6C7D8EC10E82300C865F65E91D8A1E8C310C0EEA1BF002731658846E
310
D98AC1B77784ABF1D8FE5FBFBF75BBCE937A534CCEB38643598122B6FEE978D0B0485F9C41B54DDD7D022595594E1A469170414C76A4D9A4D207E29CF43ECE46F218070CC6BECC4078ACAA135ACF422C856C0E68EA1BF5669944DDD7BCDE7B1F8E415D77AECB980613C2E4AC91FC167A2B244592486606FC29C8FD7F045B9A
310
EF7053A7E60B504B0304140006080800CC70623B853B8169EB0000007C01000008000000636F72652E786D6C8D90416EC3201045AF62CDB6C206821CC7C244919D9CA01740401C94182C03558F5F9C3852BBEB6A467FFE9B197D7EFC9E1EC5975982F5AE035262288C535E5B377690E21535501C055FBC8FBF6C503839990E
310
5619041F179FE64D52DE45E362569DD7661365082642A11EB9E920A89B99642953CC8E702F67A9EE7234257977194EC9EAE275C4EABCCF5EAD5940D4AC6F0E35A568B8F43562CD7046CD199FD07E60174276A7BE677B5EADB0E0D14EEFFB6A31321A0D82627C4084204C3F096B71DD52F6819B16635EADF63F509AF53FA164
310
5DDCD1EDDD17164090FCC8732078B56691CB33A85CD7DCC40F504B0304140006080800CC70623B55019EA25F0000007C00000007000000636E782E786D6C4DCB3B0E80201045D1AD90E915ED2CF8AC45050C11660C8261F98AB1B07AC9C97D42D718D865D3E909258CFD00CCE24AC6E326A164D74DC0B4128928FF32603847
310
2BA13128B1252AC747C6BAB984FC68F0B87FE8960A5C09FE86CFB69FBA01504B0304140006080800CC70623BDBABAAF470010000D40300000C0000006662782F636F72652E786D6CC553D16E823014FD95A6AF4B694182CC941A83FA05FB810A9511A125A5257EFE2E82712ECEB8A7F100CD39F7F69E734AF9FADC366850B6
310
AF8DCE7018308C942E4C59EB2AC3DE1D498AD15A706B8CFB56869196ADCAF00863C12B6B7C374385D14E6907A836A59A41D9F7CA615434B0C8705F7CAA5606D23BA8E84F41278B93AC54100640439DE0BDB320004D43C63716C7C399D30917DCFBBA9CD9BA8469F5B156168B24CED3F7248AC8769F27244EB73B92EED8862C
310
B7F13E0C179B3C8F979C8ECD82BBBABDAA2BAC924E9558448CBD9330242CFA08E3154B5651FCC6D215639C8EE5774DBE2B5F6CF2B5768B68963BB5F5588420E442FC700B1139D4CB01F450C1E918227C2E09DF070D8140C84E1E9AAB8F1340832A9CB13130A5F1376A908D57309505ECF2A0DF179C4E9D30F5B239B87E3823
310
7A79C6F31DE1A8A5AEC08474B03C7837EAE4938639B44E5932B833D2C6B6B279CDC613877FA26EE21F4A2A4C63EC7F29A2F301D1F9F7A0E37D145F504B0304140006080800CC70623B9C113CC27E0000009D0000000B0000006662782F636E782E786D6C4DCCDF0A83201C86E15B91DFB94BFB330DD428C8FB886521330DA7
310
6397BF1A1DECE883878F57749FCDA1B7892F1BBC047A23808C7F84D9FA55424E0BE6803A256208E9EF06C84F9B91703228B1C690F78B66B34CD9A5439DF5CF0BFBF65E35BCA1B8D6A5C6F540381E886698B5741C695F9503EBA150A2F8958E3DC3EA0B504B0304140006080800CC70623B7DF2F77C2A010000120200003100
310
00006662782F41393633353835312D344632462D344230382D423046372D3739314545314133324237412F636F72652E786D6C8D51DB8EC22014FC15C2939B0D2DB4B45643319AE817EC0F6041255A68B86CFCFC856D4D76DF7CE190393373060EDB3DC707F856CE6B6B7A480A0C81328395DA5C7B18C3057510EC3873D686
310
3F34088C18550F330C39BB3A1BA7051AAC09CA84841A2BD5020AEF55806078A44B0FFD7053A328440C89E1EFC52486BBB8AA8214A99D789CF9E05200300FC927E4FB4D5B375D43103D5527440FB843077C5AA3F5861C8F645F5787F59E95B390B318B55CE45AA638FAA2957BD7248B390B7A7CC51F9C124149C82B8C378810
310
84AB2F42B7B8DD56F413775B8C5999E9FF4471926F8AA236A1AE96B8B3CC434E5839373893369E1FAF30EA395917409EB7F26AF8801C171837A4A6AC9C89E9F9C9B1A58BA30FD6A5EF5DDDCF894B9AD9B6A59C957943A9FCAE2FD5BC4DFE03504B0304140006080800CC70623BAD7543B64E01000033030000300000006662
310
782F41393633353835312D344632462D344230382D423046372D3739314545314133324237412F636E782E786D6CD593CD6EC32010845F0571AD6CE3D48AD20813A9873E410FBD12D82434182C7EAAE6EDBB2424CD25871E7B41D6EC30B3FA84F9E67BB2E40B4234DE8DB46F1925E094D7C6ED479AD3AE5951B2113C789FEE
310
6C943839C1488B4C05DF079FE72A69D8C96C13AAD6B8631503449F83828872B949AC57D26200B826A308D316B4064D6E46FCDA41C05550DC9E483A00797BFD207EFB092A45DE9514C1BBD22178396BD39D891265658C238DEA00936C654E5E433CB65A26D9F6EDB5EBC14EBF49A45CB856E66048291F6939A9A81BB5C89177
310
38143CA680F4AA299D66A042CEB3354A2684DC9D8D178FE0D9B8B41CAAD720F880EE7EF93C0C18769E099ECC04D5A102C8049A8A05632F4DDF376CF1DE0F6BB65C2F8627B65A33C6BB62177CEBBDAD973006829F89F22E814B54F4BC2BE347F8AA8F681390B50FA73F804400B5F542E796F19FF974E7F78DB802FE05E20750
310
4B0304140006080800CC70623BE75B7789680500003C100000340000006662782F41393633353835312D344632462D344230382D423046372D3739314545314133324237412F6F626A656374732E786D6CAD575B8F9B3818FD2B887D06C22499CB8AA1CA655245D5B455A356FB305264C061D8018C6C3393D95FBFC7600890
310
A4CD5EF210B0B1BFEBF98E3F7B1FF6596ABC522E1296DF9BAE3D320D9A872C4AF2F8DE2CE5CEBA358D0FBEC719939D65A691938CDE9B6ADAF4BD98B3B2D05311DD91329583D9D5FC0F438434A7A611A644887B5384CF34233629258BA878B12322891DEFF6B66BD70BFB62634E8AE781D082709A4B588AF91C528CDA28B73F
310
1C998EEF39EABBEFA97FBD6A7C7E9553F9D3D79FE442923C3C523610337627CB87ABE99D359D4CC6D6E4FACAB5E6ABF9D2726FC6A3C5F56271377BB88362213924694B38DD99FE47C48627A1E7D49F5A8BB5E1A74C0A599ED3B0F21F1E56366B89112D681E218F0915D0D6F17AD41FBA2A369DCF6335D62ABBD39779D5DDD1
310
11D4D8DE3CBB96B2E04FB8202E41051754A1AA8E8F76B4C6DFE810B580B1547F4B84911149794252234D024EF8BBE963A95AE27B3D310A9D5C215C7960FAEE415ED75694C6AFB17BCACA5D99A60A9AA65F217B0BFC53292ACB92BF283FAD0D3621576592CB5BED907C2FA8E9DF794E35E97BEA31BED21FEB401ABB94C44839
310
DCACBF0E1C5DA8DA5B2F4DFFD32AD86F543D9E565E7056502E157C00AD2671CD534549AB752FCA9CDA00677A313F04E51B22FF19E57B300579E3C97EB29F682D92935CEC18CF901B7B54FD8C51F362B56FC72FE0B3C1EAE335EDCCBF5AEC39ADB17DC238973F804BA5E6F6BFE7AF1FB32E523BE9F3BD571418E3631DCA4D48
310
5250CF639223210A9446CA30052EDF057BD35F8329C1ECD84552BF0DC8D18BE7BCE23BFE6BD960AB4A7DE79923A103BEBD80F911CBAA2C60DB19B01CF164A5583B772EE6D3FFA56666CBCDA74DC97724A48F9A58967497E489C4D979006FD7A05E227A1EBDD0F737C623387A9C844D3709995625106D157315F8B8392CD4E0
310
A0B9A720C4BE9829CEF37EA1E13111214D53925356365ADA634861B52519DD27A00AEB808EAF0628E6F435519D446F45CF2C9CF5214F0A15B2F6D06B79DA3EE3CBF7F56780D2F4E7EF73A0F5E5B02A38D07DC852C6B7C1FBB6664213E0C39E3EBA7FF4E1AD23EA2829407C85E586727488B751B2DB9502BC7B228A3FD68B6E
310
A65A22397E690AA8D158D7E404EC8CDA235CC3B7D1898680131CEC2CDF2638C65196279577750F15884AEE19F94199155B92B13297978469D4F8D358DF0AEF7631E28DC8F0D9F437D5D39A83B2231A1D52D543813A824EF8D44BCFF2FA6A31BD1E8DAD87F1CCB526B3879935BF59CDADD5C37479BB1CDD4CA7B3556B516589
310
EF352754B706114D9C885EC9131DE6EFEB43D99AFE2391C2F958179413D7CFEF6B1B6DB1E7600F00DE6E5C67454A339A4BA2E0FBA85ED26F045D454F463DBFCE484C2F90F2E5E3666003662ED8F755951A7D1BECD5B30B550B2785C8E7320B7292A4838DDA71BBC863ED7613CAF659337A3354231D4FF4A182A54904C2898C
310
98B28C4AD0CE056CCF332A80986E571EE9DBC305BB5FEB7E509220A58D25CF042D712A806AC0AD0C657FDEF80D2D9CEAA2EE4D1C76F60BFE74219A06527D6F82DF6412526107381E55E353090704D085B52408A8913C4ED159D79BDA71BB4BC506F4831350EB6F975CD22D69BF7AC49B91A2C0A9DDA3D5CA36AD20FC478E37
310
E61844E2352865EBCB61A275A65283CAAA9DD27703B4102F5AF51EF5F573B75CBB5AD38BC845F7A49F82A0966A49C2E3EA5EA0ECD326CD965F1DB402C6FA8B51A4658C5C5E2EC9E214602E55810345408596591009A82E7E7FFACA19EEA299B14A0081A705CB3296EBC14CDF658DCD336EA6D1136881AAEB87B81AB9EE53D5
310
F5EB8BC8362082DA24122F98680A4E7930C01A0079749CEA14382A0783E5EBA5A10F8C098456A03D6A4AEB6BB881E2513747552A5DB22C7EDAF83BD5528081A365F7FF06504B0304140006080000CC70623B000000000000000000000000350000006662782F41393633353835312D344632462D344230382D423046372D37
310
39314545314133324237412F76657274696365732E62696E504B0304140006080800CC70623BF270F1330600000004000000360000006662782F41393633353835312D344632462D344230382D423046372D3739314545314133324237412F747269616E676C65732E62696E636660600000504B0304140006080000CC7062
310
3B000000000000000000000000370000006662782F41393633353835312D344632462D344230382D423046372D3739314545314133324237412F617474726962757465732E62696E504B0304140006080800CC70623B08DA0BD19000000041010000360000006662782F41393633353835312D344632462D344230382D4230
310
46372D3739314545314133324237412F6469726563746F72792E786D6C858F410AC3201045AF22B36F53E9A60B35CBEEBAE80D244E44489C6234F4F835464A48035D0DF398FF9F8AF63D0E6CC63039F212F8F9020C7D47C6792B21C5FE7403D62A1188E2E60C98D7234A5830286103A55745067B9D86B8A3CF9C7F90C11DE6
310
07FB144396D7B6A82D282E9A152AD114D5EF2CB866EEE831B8EEA07A7BB5A8D7D61A2BAAEB7FD5F70921FF497D00504B0304140006080800CC70623BEDD1DC58FD000000A00100003B0000006662782F41393633353835312D344632462D344230382D423046372D3739314545314133324237412F7265736F75726365732F
310
636F72652E786D6C8D504B6E833010BD0A9A6D65B00922041947112427E8052C33A156828DFCA97AFC9A40A576D7CDCCE87D344F8F9FBFE667F689CE6B6B3A6039850C8DB2A336530731DC4903D95970676DF82583CCC8193B5861107C72362E3BA4AC096842428D1D7107A5F7182053CF7474E0D507CE32973124857FE48B
310
540F3961CEF244279DE03EB81420DB9EAC1384436FA353E879B1B182C7A8C75DA3C7F453DF353A1075D537A7BA6464B8F535A99AE14A9A2BBD90E350DD183B5CFABE3AF262350B1EF4FC9351399401471025A527C218A1E53BAB5A5AB765F5469B96525EACF23FA6B88CFF34456DC2A1DCE36E360F82A5202F42F062ED2BAD
310
579969AFDD8A6F504B010214000A0000080000CC70623B3DEE336E79000000790000001B00000000000000000000000000000000006175746F6465736B2D64657369676E2D7061636B6167652E786D6C504B01021400140006080800CC70623BD486FD9CA0000000F40000001300000000000000000000000000B20000005B
310
436F6E74656E745F54797065735D2E786D6C504B01021400140006080800CC70623B853B8169EB0000007C010000080000000000000000000000000083010000636F72652E786D6C504B01021400140006080800CC70623B55019EA25F0000007C000000070000000000000000000000000094020000636E782E786D6C504B
310
01021400140006080800CC70623BDBABAAF470010000D40300000C00000000000000000000000000180300006662782F636F72652E786D6C504B01021400140006080800CC70623B9C113CC27E0000009D0000000B00000000000000000000000000B20400006662782F636E782E786D6C504B01021400140006080800CC70
310
623B7DF2F77C2A010000120200003100000000000000000000000000590500006662782F41393633353835312D344632462D344230382D423046372D3739314545314133324237412F636F72652E786D6C504B01021400140006080800CC70623BAD7543B64E010000330300003000000000000000000000000000D2060000
310
6662782F41393633353835312D344632462D344230382D423046372D3739314545314133324237412F636E782E786D6C504B01021400140006080800CC70623BE75B7789680500003C10000034000000000000000000000000006E0800006662782F41393633353835312D344632462D344230382D423046372D3739314545
310
314133324237412F6F626A656374732E786D6C504B01021400140006080000CC70623B0000000000000000000000003500000000000000000000000000280E00006662782F41393633353835312D344632462D344230382D423046372D3739314545314133324237412F76657274696365732E62696E504B01021400140006
310
080800CC70623BF270F133060000000400000036000000000000000000000000007B0E00006662782F41393633353835312D344632462D344230382D423046372D3739314545314133324237412F747269616E676C65732E62696E504B01021400140006080000CC70623B0000000000000000000000003700000000000000
310
000000000000D50E00006662782F41393633353835312D344632462D344230382D423046372D3739314545314133324237412F617474726962757465732E62696E504B01021400140006080800CC70623B08DA0BD1900000004101000036000000000000000000000000002A0F00006662782F41393633353835312D344632
310
462D344230382D423046372D3739314545314133324237412F6469726563746F72792E786D6C504B01021400140006080800CC70623BEDD1DC58FD000000A00100003B000000000000000000000000000E1000006662782F41393633353835312D344632462D344230382D423046372D3739314545314133324237412F7265
310
736F75726365732F636F72652E786D6C504B0506000000000E000E0080040000641100000000
  0
XRECORD
  5
1F8
102
{ACAD_REACTORS
330
1F7
102
}
330
1F7
100
AcDbXrecord
280
     1
 70
     1
 90
429727718
  1
30362254-06B7-45E0-A893-8CFA70E3D6BC
310
504B03040A0000080000CC70623B3DEE336E79000000790000001B0000006175746F6465736B2D64657369676E2D7061636B6167652E786D6C3C3F786D6C2076657273696F6E3D22312E302220656E636F64696E673D227574662D3822203F3E3C666F726D6174733E3C666F726D61743E687474703A2F2F736368656D612E
310
6175746F6465736B2E636F6D2F64657369676E2D7061636B6167652F323030393C2F666F726D61743E3C2F666F726D6174733E504B0304140006080800CC70623BD486FD9CA0000000F4000000130000005B436F6E74656E745F54797065735D2E786D6C7D8EC10E82300C865F65E91D8A1E8C310C0EEA1BF002731658846E
310
D98AC1B77784ABF1D8FE5FBFBF75BBCE937A534CCEB38643598122B6FEE978D0B0485F9C41B54DDD7D022595594E1A469170414C76A4D9A4D207E29CF43ECE46F218070CC6BECC4078ACAA135ACF422C856C0E68EA1BF5669944DDD7BCDE7B1F8E415D77AECB980613C2E4AC91FC167A2B244592486606FC29C8FD7F045B9A
310
EF7053A7E60B504B0304140006080800CC70623B1EC5D7A3EB0000007C01000008000000636F72652E786D6C8D90416EC3201045AF82665B6103C6756C6122AB4D4ED00B204C5C94182C03558F5F9C3852BBEB6A467FFE9B197D71FC9E6FE8CBACC17AD7032D0820E3B41FAD9B7A48F1820F808E52ACDEC75F36404ECDA687
310
4D0629A6D5A76597B477D1B89855E747B38B2A041301E95B6E7A08FAD3CCAA50296647B8168BD2573599823EBB0CA76447F43862C7BCCF5EAC59410E4DDD9C7973C2755553CCCFA4C603E3040F1565ED3B1FDE4E432BCA0D9622DAF9795FAF464533826484B498524CD807E51D79ED187F21878E10516EF63F505AC67F42C9
310
BA58B1FDDD071640D2FCC87D2045B96591CB3DA85CB7DCE40F504B0304140006080800CC70623B55019EA25F0000007C00000007000000636E782E786D6C4DCB3B0E80201045D1AD90E915ED2CF8AC45050C11660C8261F98AB1B07AC9C97D42D718D865D3E909258CFD00CCE24AC6E326A164D74DC0B4128928FF32603847
310
2BA13128B1252AC747C6BAB984FC68F0B87FE8960A5C09FE86CFB69FBA01504B0304140006080800CC70623B8C9102E971010000D40300000C0000006662782F636F72652E786D6CC5535B6E833010BC8AE5DF0A6C08340F1947A84D4ED00B38C6A128602363A31CBFCB234A53A551FA553EC09AD9F5CE8C31DB9E9B1AF5CA
310
7695D1198E428A91D2D214952E33ECDD315861B4E5CC1AE3BE9561A445A3323CC098B3D21ADFCE9034DA29ED00D5A6503328BA4E398C640D8B0C77F253352214DE4145770A5B214FA2546114020D759C75CE8200340D19DE981F0F6746269C33EFAB6266AB02A655C74A59CCF365BADC27CB5D902ED22848F6340DF238A141
310
BE88E2F57B92BFEDF23523433367AE6A2EEAA455C2A902F398D2751045018D3FA264435F3771F242571B4A1919CA6F9A7C5B3CD9E42BED16F12C776AEB308F40C848FC700B1139D4891EF410CEC810227CC6846F8386402064270EF5C5C709A05E49676C024C61FC95EA45ED154CA5211D1FF4FB8291A913A68E9B83EBBB33
310
E2A7673CDE118E5AE8124C0807CB8377834E366998436B950D7A7746DAD846D4CFD978E0F04FD455FC5D49D2D4C6FE9722321F10997F0F32DC47FE05504B0304140006080800CC70623BFFEA85907E0000009D0000000B0000006662782F636E782E786D6C4DCCD10A83201886E15B91FFDC95D95A811AB6F23E625948A6C3
310
E9D8E5AF46073BFAE0E1E365ED67B3E8ADC3CB78C7815C7240DA3DFC64DCC221C519D7805AC182F7F1EF06C88D9BE6703008B6049F9E274D7A1E938DBB5AE3D6131B2589BA0D3D965551E0B2EA732C9B9A624AAEB41E3A557677029960D9AFB4EF11165F504B0304140006080800CC70623B4FEEA4082C0100001202000031
310
0000006662782F39464131463745442D413632322D343644302D413938332D3331353338454246344243312F636F72652E786D6C8D515B6EC32010BC0AE2AB55850DD871ED0813254D72825EC00192A2C460F1A872FC42ED48ED5F7E00CDCECCCEB26C731F6FE05B39AFADE921293004CA082BB5B9F43086336A21D870E6AC
310
0D7F68109861543DCC30E4ECE26C9C164858139409093556AA051CBC570102714B8F1E7AF1A5C6A11862480C7F2DA6415C878B2A4891CA89C7990F2E050073937C42DE1DB7E4F87ED8A36D4329AA9B3D46DBAEAD504556557BD81DEBDD0761E52CE42C462D17B996298E3E6BE59E35C962CE821E1FF18553435012728A7187
310
0841987E927A8D9B35ADDF70BBC6989599FE4F1427F9A4286A132ABAC49D651EF234CD5CE04CDA78BA3DC2A8FB645D00B9DF8B57E215725C60BCA2A463E54C4CE327C7A65E1C7DB02E7DEFCBF594B864C5CA6CDBD49C957943E9FA5D5FBAF336F90F504B0304140006080800CC70623BAD7543B64E01000033030000300000
310
006662782F39464131463745442D413632322D343644302D413938332D3331353338454246344243312F636E782E786D6CD593CD6EC32010845F0571AD6CE3D48AD20813A9873E410FBD12D82434182C7EAAE6EDBB2424CD25871E7B41D6EC30B3FA84F9E67BB2E40B4234DE8DB46F1925E094D7C6ED479AD3AE5951B2113C
310
789FEE6C943839C1488B4C05DF079FE72A69D8C96C13AAD6B8631503449F83828872B949AC57D26200B826A308D316B4064D6E46FCDA41C05550DC9E483A00797BFD207EFB092A45DE9514C1BBD22178396BD39D891265658C238DEA00936C654E5E433CB65A26D9F6EDB5EBC14EBF49A45CB856E66048291F6939A9A81BB5
310
C8917738143CA680F4AA299D66A042CEB3354A2684DC9D8D178FE0D9B8B41CAAD720F880EE7EF93C0C18769E099ECC04D5A102C8049A8A05632F4DDF376CF1DE0F6BB65C2F8627B65A33C6BB62177CEBBDAD973006829F89F22E814B54F4BC2BE347F8AA8F681390B50FA73F804400B5F542E796F19FF974E7F78DB802FE05
310
E207504B0304140006080800CC70623B16AB87BA640500003C100000340000006662782F39464131463745442D413632322D343644302D413938332D3331353338454246344243312F6F626A656374732E786D6CAD575B6FA33818FD2B887DE6924B3BED8A326A92B68A663B534DD4D13E548A0C38942D60649B369D5FBFC7
310
600890A493BDE42160637FD7F31D7FF63E6FB3D478A55C242CBF3247B66B1A340F5994E4F19559CA8D75611A9F7D8F33263BCB4C232719BD32D5B4E97B316765A1A722BA21652A07B3B7B33F0D11D29C9A46981221AE4C113ED38CD8A4942CA2E2C58E882476BCD9DA23BB5ED8171B73523C0F841684D35CC252CCE79062D4
310
468DFA43D7747CCF51DF7D4FFDEB5593E3AB9CCA9FBEFE241792E4E19EB28198C968BAB8199F5D5A67D3E9C49A9E8F47D6EC76B6B0469F26EEFC7C3EBFBCBEB98462213924694B38DD98FE1D62C393D073EA4FADC5DAF04326852CCF6958F90F0F2B9BB5C48816348F90C7840A68EB78EDF68723159BCEE7891A6B95DDE9D3
310
BCEAEEE8086A6C6F9E5D4B59F0175C10A7A0820BAA5055C7473B5AE3CFDD452D602CD5DF12616444529E90D448938013FE6EFA58AA96F85E4F8C42275708571E98FE6827AF6B2B4AE3D7D83D64E5A64C53054DD3AF90BD06FEA9149565C94FCA0F6B834DC85599E4F2423B24DF0B6AFA979E534DFA9E7A4CC6FA631D486393
310
921829879BF5D781A373557BCB85E97FB90DB62B558F8795179C15944B051F40AB495CF35451D26A4727654E6D8033BD98EF82F21D91FF8AF2DD9982BCF1643BDD4EB516C9492E368C67C88DED563FC36D5EACF66DFF057C3658BDBFA69DF9578B3DA735B64F18C7F20770A9D45CFCF7FCF563D6456A277DBEF78A02637CA2
310
43B90A490AEAB94F72244481D24819A6C0E59B606BFA4B3025981DBB48EAB701D97BF19C577CC77F2D1B6C55A9EF3C732474C0B727303F625995056C3B02963D9EAC146BE78EC5FCEC7FA999EBC5EACBAAE41B12D27B4D2C0BBA49F244E2ECDC81B76B502F113D8F5EE8FB1BE3111CDD4FC2AA9B844CAB1288B68AB90A7CDC
310
1C166AB0D3DC5310625FCC14E779BFD0709F8890A629C9292B1B2DED31A4B0DA928CEE135085754027E3018A397D4D5427D15BD1330B677DC8934285AC3DF45A9EB68FF8F2B8FC0A509AFEECFD0FF2DE25CC6047F7214B195F07EFEB9A094D800F7BFAE8FED187B78EA8A3A400F115961BCAD1215E47C966530AF0EE8128FE
310
58CEBB996A8964FFA529A046635D9353B0336A8F700DDF46271A024E70B0B37C9DE01847591E54DED53D54202AB947E4076556AC49C6CA5C9E1226B7F1A7B1BE15DEED62C41B91E1B3E9AFAAA735036547343A925075041DF0A9979E893B391F8FCFA6967B3EFB644DCF6E5CEBFAE272625DCC6FAF3FB93793C5F90CE1EF57
310
407342756B10D1C489E8953CD1617E5CEECAD6F4EF8914CE5D5D504E5C3F1F9736DA62CFC11E00BCDDB8CC8A9466349744C1F75EBDA4DF09BA8A9E8C7A7E9991989E20E5DBDD6A6003664ED8F7A04A8DBE0DF6EAD9B9AA858342E47399053949D2C146EDB85DE4B176BB0965FBAC19BD19AA918E27FA50C1D22402E144464C
310
59462568E704B6E71915404CB72B8FF4EDE184DDAF753F284990D2C6926782963815403548A70C657FDEF80D2D9CEAA2AE4C1C76F60BFE74219A06527D6582DF6412526107381E55E353090704D085B52408D0933C4ED159D79BDA71BB4BC506F4831350EB6F979CD22D69BF7AC49B91A2C0A9DDA3D5CA36AD20FC478E37E6
310
1844E2352865EBCB6EA275A652E3836BE04EFB400BF1A2556F515F1FBB35B2AB35BD889C744FFA1004B5544B121E57F70215746DD2F5E2C1412B602CBF19455AC6C8E5E9922C4E01E65215385004546899059180EAFCF7A707CE7017CD8CDB0410789AB32C63B91E5CEBBBACB17AC6CD347A022D5075FD106377347AAABA7E
310
7D11590744509B44E205134DC1290F06580320F78E537D3D73540E06CB970B431F185308AD40BBD794D6D77003C5A36E8EAA54BA64597CD8F83BD552A080A365F7FF06504B0304140006080000CC70623B000000000000000000000000350000006662782F39464131463745442D413632322D343644302D413938332D3331
310
353338454246344243312F76657274696365732E62696E504B0304140006080800CC70623BF270F1330600000004000000360000006662782F39464131463745442D413632322D343644302D413938332D3331353338454246344243312F747269616E676C65732E62696E636660600000504B0304140006080000CC70623B
310
000000000000000000000000370000006662782F39464131463745442D413632322D343644302D413938332D3331353338454246344243312F617474726962757465732E62696E504B0304140006080800CC70623B08DA0BD19000000041010000360000006662782F39464131463745442D413632322D343644302D413938
310
332D3331353338454246344243312F6469726563746F72792E786D6C858F410AC3201045AF22B36F53E9A60B35CBEEBAE80D244E44489C6234F4F835464A48035D0DF398FF9F8AF63D0E6CC63039F212F8F9020C7D47C6792B21C5FE7403D62A1188E2E60C98D7234A5830286103A55745067B9D86B8A3CF9C7F90C11DE607
310
FB144396D7B6A82D282E9A152AD114D5EF2CB866EEE831B8EEA07A7BB5A8D7D61A2BAAEB7FD5F70921FF497D00504B0304140006080800CC70623B0D6EF93BFE000000A00100003B0000006662782F39464131463745442D413632322D343644302D413938332D3331353338454246344243312F7265736F75726365732F63
310
6F72652E786D6C8D50596E833010BD0A9ADFCA60B334011947A8694ED00B586642AC041B79A97AFC9A40A5F6AF3F33A3B7689E1E3F7DCD8FEC139DD7D6F4C0720A191A65476DA61E62B892236427C19DB5E1970C322367EC618541F0C9D9B8EC90B226A009093576C41D94DE63804C3DD2D18357379C652E63480A7FCF17A9
310
EE72C29CE5894E3AC17D702940B63D59270887DE46A7D0F36263058F518FBB468FE9A7BE6A7420864373B8D4873369AA8691FA421B3294352543C5CAF65C0F6FEF43CB8BD52C78D0F34F46E550061C419494B6843142CB0F5677F4B52BEB177AEC28E5C52AFF638ACBF84F53D42654E51E77B379102C05791282176B5F693D
310
CB4C7BED567C03504B010214000A0000080000CC70623B3DEE336E79000000790000001B00000000000000000000000000000000006175746F6465736B2D64657369676E2D7061636B6167652E786D6C504B01021400140006080800CC70623BD486FD9CA0000000F40000001300000000000000000000000000B20000005B
310
436F6E74656E745F54797065735D2E786D6C504B01021400140006080800CC70623B1EC5D7A3EB0000007C010000080000000000000000000000000083010000636F72652E786D6C504B01021400140006080800CC70623B55019EA25F0000007C000000070000000000000000000000000094020000636E782E786D6C504B
310
01021400140006080800CC70623B8C9102E971010000D40300000C00000000000000000000000000180300006662782F636F72652E786D6C504B01021400140006080800CC70623BFFEA85907E0000009D0000000B00000000000000000000000000B30400006662782F636E782E786D6C504B01021400140006080800CC70
310
623B4FEEA4082C0100001202000031000000000000000000000000005A0500006662782F39464131463745442D413632322D343644302D413938332D3331353338454246344243312F636F72652E786D6C504B01021400140006080800CC70623BAD7543B64E010000330300003000000000000000000000000000D5060000
310
6662782F39464131463745442D413632322D343644302D413938332D3331353338454246344243312F636E782E786D6C504B01021400140006080800CC70623B16AB87BA640500003C1000003400000000000000000000000000710800006662782F39464131463745442D413632322D343644302D413938332D3331353338
310
454246344243312F6F626A656374732E786D6C504B01021400140006080000CC70623B0000000000000000000000003500000000000000000000000000270E00006662782F39464131463745442D413632322D343644302D413938332D3331353338454246344243312F76657274696365732E62696E504B01021400140006
310
080800CC70623BF270F133060000000400000036000000000000000000000000007A0E00006662782F39464131463745442D413632322D343644302D413938332D3331353338454246344243312F747269616E676C65732E62696E504B01021400140006080000CC70623B0000000000000000000000003700000000000000
310
000000000000D40E00006662782F39464131463745442D413632322D343644302D413938332D3331353338454246344243312F617474726962757465732E62696E504B01021400140006080800CC70623B08DA0BD190000000410100003600000000000000000000000000290F00006662782F39464131463745442D413632
310
322D343644302D413938332D3331353338454246344243312F6469726563746F72792E786D6C504B01021400140006080800CC70623B0D6EF93BFE000000A00100003B000000000000000000000000000D1000006662782F39464131463745442D413632322D343644302D413938332D3331353338454246344243312F7265
310
736F75726365732F636F72652E786D6C504B0506000000000E000E0080040000641100000000
  0
XRECORD
  5
175
102
{ACAD_REACTORS
330
173
102
}
330
173
100
AcDbXrecord
280
     1
270
     1
271
     1
  0
XRECORD
  5
174
102
{ACAD_REACTORS
330
173
102
}
330
173
100
AcDbXrecord
280
     1
270
     1
271
     1
  0
XRECORD
  5
1FB
102
{ACAD_REACTORS
330
173
102
}
330
173
100
AcDbXrecord
280
     1
 70
     0
 90
1673772943
  1
ECE7A1D2-D628-4531-984C-D00F80459256
310
504B03040A0000080000CC70623B3DEE336E79000000790000001B0000006175746F6465736B2D64657369676E2D7061636B6167652E786D6C3C3F786D6C2076657273696F6E3D22312E302220656E636F64696E673D227574662D3822203F3E3C666F726D6174733E3C666F726D61743E687474703A2F2F736368656D612E
310
6175746F6465736B2E636F6D2F64657369676E2D7061636B6167652F323030393C2F666F726D61743E3C2F666F726D6174733E504B0304140006080800CC70623BD486FD9CA0000000F4000000130000005B436F6E74656E745F54797065735D2E786D6C7D8EC10E82300C865F65E91D8A1E8C310C0EEA1BF002731658846E
310
D98AC1B77784ABF1D8FE5FBFBF75BBCE937A534CCEB38643598122B6FEE978D0B0485F9C41B54DDD7D022595594E1A469170414C76A4D9A4D207E29CF43ECE46F218070CC6BECC4078ACAA135ACF422C856C0E68EA1BF5669944DDD7BCDE7B1F8E415D77AECB980613C2E4AC91FC167A2B244592486606FC29C8FD7F045B9A
310
EF7053A7E60B504B0304140006080800CC70623BD9DDAED0EC0000007C01000008000000636F72652E786D6C8D90416EC3201045AF82665B61836D9CD8C2444DD39CA01740405C94182C03558F5F9C3852BBEB6A467FFE9B197D7EF89E6EE8CB2CC17A37002D0820E394D7D68D03A478C17B4007C117EFE32F1B20272733C0
310
2A83E0E3E2D3BC49CABB685CCCAAF3DA6CA20CC14440EA969B0182FA34932C648AD911AEC52CD5558EA6A0CF2EC329598D1E47ACCEFBECC59A050463A7EA5833865FEBDD0E37353BE3EE8DBDE3F6786A48D375FBF6CC78B9C282473B3DEFABC5C86834888A900E538A49F5419B9EB47DD5BC907D4F082F57FB1F28CDFA9F50
310
B22ED6D5F6EE030B20687EE43E10BC5CB3C8E51E54AE6B6EE207504B0304140006080800CC70623B55019EA25F0000007C00000007000000636E782E786D6C4DCB3B0E80201045D1AD90E915ED2CF8AC45050C11660C8261F98AB1B07AC9C97D42D718D865D3E909258CFD00CCE24AC6E326A164D74DC0B4128928FF326038
310
472BA13128B1252AC747C6BAB984FC68F0B87FE8960A5C09FE86CFB69FBA01504B0304140006080800CC70623BA24EB22D72010000D40300000C0000006662782F636F72652E786D6CC5535B6E833010BC8AE5DF0A6C5E49888CA3A6694ED00B38E05014B091B1518EDFE511A5A9D228FD2A1F60CDEC7A67C6986DCE4D8D7A
310
69BA4AAB0C073EC548AA5C17952A33ECECD15B61B4E1CC686DBF9561A44423333CC098B3D268D7CE50AE9595CA02AA74216750749DB418E5352C32DCE59FB211BE70162ABA93DF8AFC244AE9073ED050C759670D0840D390E18DF9F1706664C23973AE2A66B62A605A75ACA4C13C4976E1364A12EF355A2EBD384AF65EFA96
310
BC7B8BED2EA6719AAE16FB8491A199335B351775B991C2CA02F390D2D40B028F861F41BCA68B7518BFD0D59A524686F29B26D7164F36B94AD9289CE54E6D1DE6010819891F6E21228B3AD1831EC219194284CF98F06DD01008846CC5A1BEF83801D4CBDC6A1303536877A57A513B0953A94FC707FDBE6064EA84A9E3E6E0FA
310
EE8CF0E9198F7784A316AA0413C2C2F2E0ECA0934D1AE6D05A69BCDE9E91D2A611F573361E38FC1375157F5752AE6B6DFE4B11990F88CCBF0719EE23FF02504B0304140006080800CC70623B408A7D3B7C0000009D0000000B0000006662782F636E782E786D6C4DCCD10A83201886E15B91FFDC552A92A0064DBC8F581632
310
D3703A76F9ABD1C18E3E78F878E5F0D9027ABBFCF2292AE86E2D20171F69F6715550CB827B40839639A5F2770314A7CD293819B45C73AAFB45B35BA61ACAA1C1C7E7855C58C15BC331339661262CC762340413D68D77DA5B42298546CBE6573AF60CEB2F504B0304140006080800CC70623B449FB9BD290100001202000031
310
0000006662782F36394639363044362D344446342D343946362D394244322D3234314243333846323333332F636F72652E786D6C8D515B6EC32010BC0AE22B55850D98B871848994463E412FE002495162B07854397EA176A4F62F3F2C9A9D991D587EB84F37F0AD7D30CEF6905418026DA553C65E7A98E219ED203808EE9D
310
8B7F6810D871D23D2C3014FCE25D9A57483A1BB58D19B54EE9151C43D0110279CB971E06F9A5A7B11A53CC8C70ADE6515EC78BAE4895DB992778883E0700CB907242D17643D7E2538BD869608875438BBAE38922CAC8F1BDD90DB4691A5E2F42C153326A951B95E398B3D1FE599322163C9AE9115F7A3D46ADA0A018778810
310
84E907617BDCEE297BC5BB3DC6BC2EF47FA234AB2745C9D8D8D035EE220B50105E2F0DC1954B9FB747187D9F9D8FA0CCDB042D5FA0C015C65B42DF78BD10F3F3B363CB56C7109DCFDFBBB97E662ED92EB62D13BC2E1BCAE5777DB9966D8A1F504B0304140006080800CC70623BAD7543B64E01000033030000300000006662
310
782F36394639363044362D344446342D343946362D394244322D3234314243333846323333332F636E782E786D6CD593CD6EC32010845F0571AD6CE3D48AD20813A9873E410FBD12D82434182C7EAAE6EDBB2424CD25871E7B41D6EC30B3FA84F9E67BB2E40B4234DE8DB46F1925E094D7C6ED479AD3AE5951B2113C789FEE
310
6C943839C1488B4C05DF079FE72A69D8C96C13AAD6B8631503449F83828872B949AC57D26200B826A308D316B4064D6E46FCDA41C05550DC9E483A00797BFD207EFB092A45DE9514C1BBD22178396BD39D891265658C238DEA00936C654E5E433CB65A26D9F6EDB5EBC14EBF49A45CB856E66048291F6939A9A81BB5C89177
310
38143CA680F4AA299D66A042CEB3354A2684DC9D8D178FE0D9B8B41CAAD720F880EE7EF93C0C18769E099ECC04D5A102C8049A8A05632F4DDF376CF1DE0F6BB65C2F8627B65A33C6BB62177CEBBDAD973006829F89F22E814B54F4BC2BE347F8AA8F681390B50FA73F804400B5F542E796F19FF974E7F78DB802FE05E20750
310
4B0304140006080800CC70623B8D05915C650500003B100000340000006662782F36394639363044362D344446342D343946362D394244322D3234314243333846323333332F6F626A656374732E786D6CAD575B6FA33814FE2B887D06429276DA1565D4266D158D3A339A6846FB502932E050B66023DB74D2FDF5FB190C01
310
9276B2973C046C8ECFF53B17071F77456EBD502133CEAE6CDF9DD81665314F32965ED995DA3A17B6F5310C04E7AA47665B8C14F4CAD6DB7618A48257A5D94AE89654B91AEDDEDDFC61C998326A5B714EA4BCB265FC440BE2924AF184CA6737218AB8E976E7FA6E4338649B0A523E8D98964450A6A029F619B8588D52FE7039
310
B1BD30F0F4F730D0FF866AF6369557DB33949F31A9088B0F848DD8CCFCF9F2767A76E99CCDE733677E3EF59D9BBB9BA5E37F984D16E78BC5E5F5ED25044B25C0C96822E8D60EEFE11B91C581D77CEA34368A1F5329E68CD1B8B61F16D63A1B8E092D294B10C78C4A48EB593D192E7DED9BDEE7995E1B91FDEDD3ACEA9FE831
310
6A756F9F7D4D79F4274C90A7A04248AA51D5F8C718DAE06FB2F75AC4796EBE65D22A88A22223B995679120E2D50E41AA49C260C046A35368846B0BECD0DFF3EBEB8AD4F835768F69B9ADF25C43D30E6B646F807FAA64AD59F61715C7A54127C4AACA98BA3006A9D792DAE165E0D59B61A01FB3A9F9D838D2DAE62445C86166
310
F37564E842E7DE6A69879FEEA2DD5AE7E371E1A5E025154AC307D06A03D73EB5978C58FFA4C8E9033066E0F3BD53BEC1F39F91BE7B55103791EDE6BBB991A2046172CB4581D8B893FA674DDA17A77B3B7C413D1B511FD2743BFF8A38F03A658705E3ADF8015C3A3417FF3D7E439FF591DA0B5F18BC20C1B8981957AE6392A3
310
F43C640C01D1A0B4728E2DD4F26DB4B3C3152A252A3B4E913CEC1C72F012782FF88EFF8637AA552DBEF76408E8A8DE9E50F9E1CB3A2DA0DB1B6039A893B56063DC5B3E3FFB5F72E67AB9FEB4AEC496C4F4C1149625DD662C53E89D7BF0F6151A046260D1337DFDC94502430F83B0EE07A130A224BCAD7DAE1D9FB6CD422FF6
310
920702629C4BB9AE79C12F243C6432A6794E18E5552BA56B431AAB5D91317302B2B071E86C3A42B1A02F999E24061403B5D0EB639195DA655DD3EBEAB4FB862DDF579F014AD0E73C22F99E28DA57FB98E75C6CA2D74D53086D600F4786E0FE3144B771A8A7B900F03594DB8A633CBC49B2EDB69228BB479CF863B5E807AAAB
310
23872F6DFEB4129B949CA33823F58830E86D65621E10047D9DB34D862E8EAC3C2ABC2F7B2C40D67CDFE01F5545B92105AF983AC54D93D69E56FB8E797F88913F898A9FEC705D3F9D1B54EC8426FB500D40A03BD0119B06E1B95DDC7EB8F6975367793EBD70E66733DFB9BC982F9CE564727731999F5D4ECFCE3B8D6A4DC2A0
310
6D50FD148437D110834A64C6CDDF57FBACB5C307A2A477DFE4939736CFEF2B175371E0E10CF0DD1D5C15654E0BCA14D1E87DD02FF93782A162C0A3D95F1524A52770F972BF1EE9809D13CE7DD599467F8ECE9ADD85CE85A34CD45355448C64F9E8A031DC2D596ACC6E5DD93D9B82DE2EF5CAF81363A8E47996A0DE24564A79
310
4115AACE09C55E14540231FDA13C319787134EBF34E3A022514E5B4D9E0826E25C02D5805B15ABE1BEF51B26383D445DD9E875EE33FE4C22DA16427D65A3BCA92CA6D28DD01DF5DC53330704308475351050232CCD31583787BA75774AFB06E5070DD0C8EF484E19968C5D83BA5B90B244D31E54D55A372320FE4786B7EA58
310
44E135AA5467CB7EA333A61683CC6A8C3257034C10CF46F40EF9F5BE59BE5BD30C3C72D235E95D10345C1D45445A5F0BB47E46A5EBE5570F9380B5FA629579952296A773720405982B9DE04011506178964401AA8BDF1FBF0A8EAB6861DD6580C0E38217056766716DAEB2D6FA0917D3E4116581EADB879C4E7CFFB11EFACD
310
3D641311495D92C8676CB409A72D18610D803CE8A626049E8EC1887CB5B44CC39883690DDA8399B4B9855B481E7D71D4A9D22F96E5BB73BF5793020C02137BF837504B0304140006080000CC70623B000000000000000000000000350000006662782F36394639363044362D344446342D343946362D394244322D32343142
310
43333846323333332F76657274696365732E62696E504B0304140006080800CC70623BF270F1330600000004000000360000006662782F36394639363044362D344446342D343946362D394244322D3234314243333846323333332F747269616E676C65732E62696E636660600000504B0304140006080000CC70623B0000
310
00000000000000000000370000006662782F36394639363044362D344446342D343946362D394244322D3234314243333846323333332F617474726962757465732E62696E504B0304140006080800CC70623B08DA0BD19000000041010000360000006662782F36394639363044362D344446342D343946362D394244322D
310
3234314243333846323333332F6469726563746F72792E786D6C858F410AC3201045AF22B36F53E9A60B35CBEEBAE80D244E44489C6234F4F835464A48035D0DF398FF9F8AF63D0E6CC63039F212F8F9020C7D47C6792B21C5FE7403D62A1188E2E60C98D7234A5830286103A55745067B9D86B8A3CF9C7F90C11DE607FB14
310
4396D7B6A82D282E9A152AD114D5EF2CB866EEE831B8EEA07A7BB5A8D7D61A2BAAEB7FD5F70921FF497D00504B0304140006080800CC70623BCA768048FE000000A00100003B0000006662782F36394639363044362D344446342D343946362D394244322D3234314243333846323333332F7265736F75726365732F636F72
310
652E786D6C8D50596E833010BD0A9ADFCA60D600328E9AA639412F609909B1126CE4A5EAF16B0295DABFFECC8CDEA2797AECF8353F924FB44E193D409E5248504B332A3D0D10FC95B4901C39B3C6F85F3248B49871801506CE266BC2B243D2688FDA47549B11775038871E12F988C7004EDE7016A9083E2ADC3D5D84BC8B09
310
D33C8D74D471E6BC8D0192EDC93A815B742658898E651BCB59086ADC356A8C3FD555A1055ED7E7E254D615792D0F075295F585746FF53B694EE78A565DD736979A65AB9933AFE69F8CD2A2F038022F28ED489E135A7CE4554F9BBEA85E68DB53CAB255FEC71496F19FA6A0B42F8B3DEE6673C0F318E4497096AD7DC5F52C33
310
EEB55BFE0D504B010214000A0000080000CC70623B3DEE336E79000000790000001B00000000000000000000000000000000006175746F6465736B2D64657369676E2D7061636B6167652E786D6C504B01021400140006080800CC70623BD486FD9CA0000000F40000001300000000000000000000000000B20000005B436F
310
6E74656E745F54797065735D2E786D6C504B01021400140006080800CC70623BD9DDAED0EC0000007C010000080000000000000000000000000083010000636F72652E786D6C504B01021400140006080800CC70623B55019EA25F0000007C000000070000000000000000000000000095020000636E782E786D6C504B0102
310
1400140006080800CC70623BA24EB22D72010000D40300000C00000000000000000000000000190300006662782F636F72652E786D6C504B01021400140006080800CC70623B408A7D3B7C0000009D0000000B00000000000000000000000000B50400006662782F636E782E786D6C504B01021400140006080800CC70623B
310
449FB9BD290100001202000031000000000000000000000000005A0500006662782F36394639363044362D344446342D343946362D394244322D3234314243333846323333332F636F72652E786D6C504B01021400140006080800CC70623BAD7543B64E010000330300003000000000000000000000000000D20600006662
310
782F36394639363044362D344446342D343946362D394244322D3234314243333846323333332F636E782E786D6C504B01021400140006080800CC70623B8D05915C650500003B10000034000000000000000000000000006E0800006662782F36394639363044362D344446342D343946362D394244322D32343142433338
310
46323333332F6F626A656374732E786D6C504B01021400140006080000CC70623B0000000000000000000000003500000000000000000000000000250E00006662782F36394639363044362D344446342D343946362D394244322D3234314243333846323333332F76657274696365732E62696E504B010214001400060808
310
00CC70623BF270F13306000000040000003600000000000000000000000000780E00006662782F36394639363044362D344446342D343946362D394244322D3234314243333846323333332F747269616E676C65732E62696E504B01021400140006080000CC70623B00000000000000000000000037000000000000000000
310
00000000D20E00006662782F36394639363044362D344446342D343946362D394244322D3234314243333846323333332F617474726962757465732E62696E504B01021400140006080800CC70623B08DA0BD190000000410100003600000000000000000000000000270F00006662782F36394639363044362D344446342D
310
343946362D394244322D3234314243333846323333332F6469726563746F72792E786D6C504B01021400140006080800CC70623BCA768048FE000000A00100003B000000000000000000000000000B1000006662782F36394639363044362D344446342D343946362D394244322D3234314243333846323333332F7265736F
310
75726365732F636F72652E786D6C504B0506000000000E000E0080040000621100000000
  0
XRECORD
  5
176
102
{ACAD_REACTORS
330
173
102
}
330
173
100
AcDbXrecord
280
     1
270
     1
271
     1
  0
XRECORD
  5
177
102
{ACAD_REACTORS
330
173
102
}
330
173
100
AcDbXrecord
280
     1
270
     1
271
     1
  0
CELLSTYLEMAP
  5
7EE
102
{ACAD_REACTORS
330
162
102
}
330
162
100
AcDbCellStyleMap
 90
        3
300
CELLSTYLE
  1
TABLEFORMAT_BEGIN
 90
        5
170
     1
 91
        0
 92
    32768
 62
   257
 93
        1
300
CONTENTFORMAT
  1
CONTENTFORMAT_BEGIN
 90
        0
 91
        0
 92
      512
 93
        0
300

 40
0.0
140
1.0
 94
        5
 62
     0
340
11
144
6.0
309
CONTENTFORMAT_END
171
     1
301
MARGIN
  1
CELLMARGIN_BEGIN
 40
1.5
 40
1.5
 40
1.5
 40
1.5
 40
4.5
 40
4.5
309
CELLMARGIN_END
 94
        6
 95
        1
302
GRIDFORMAT
  1
GRIDFORMAT_BEGIN
 90
        0
 91
        1
 62
     0
 92
       -2
340
14
 93
        0
 40
1.125
309
GRIDFORMAT_END
 95
        2
302
GRIDFORMAT
  1
GRIDFORMAT_BEGIN
 90
        0
 91
        1
 62
     0
 92
       -2
340
14
 93
        0
 40
1.125
309
GRIDFORMAT_END
 95
        4
302
GRIDFORMAT
  1
GRIDFORMAT_BEGIN
 90
        0
 91
        1
 62
     0
 92
       -2
340
14
 93
        0
 40
1.125
309
GRIDFORMAT_END
 95
        8
302
GRIDFORMAT
  1
GRIDFORMAT_BEGIN
 90
        0
 91
        1
 62
     0
 92
       -2
340
14
 93
        0
 40
1.125
309
GRIDFORMAT_END
 95
       16
302
GRIDFORMAT
  1
GRIDFORMAT_BEGIN
 90
        0
 91
        1
 62
     0
 92
       -2
340
14
 93
        0
 40
1.125
309
GRIDFORMAT_END
 95
       32
302
GRIDFORMAT
  1
GRIDFORMAT_BEGIN
 90
        0
 91
        1
 62
     0
 92
       -2
340
14
 93
        0
 40
1.125
309
GRIDFORMAT_END
309
TABLEFORMAT_END
  1
CELLSTYLE_BEGIN
 90
        1
 91
        1
300
_TITLE
309
CELLSTYLE_END
300
CELLSTYLE
  1
TABLEFORMAT_BEGIN
 90
        5
170
     1
 91
        0
 92
        0
 62
   257
 93
        1
300
CONTENTFORMAT
  1
CONTENTFORMAT_BEGIN
 90
        0
 91
        0
 92
      512
 93
        0
300

 40
0.0
140
1.0
 94
        5
 62
     0
340
11
144
4.5
309
CONTENTFORMAT_END
171
     1
301
MARGIN
  1
CELLMARGIN_BEGIN
 40
1.5
 40
1.5
 40
1.5
 40
1.5
 40
4.5
 40
4.5
309
CELLMARGIN_END
 94
        6
 95
        1
302
GRIDFORMAT
  1
GRIDFORMAT_BEGIN
 90
        0
 91
        1
 62
     0
 92
       -2
340
14
 93
        0
 40
1.125
309
GRIDFORMAT_END
 95
        2
302
GRIDFORMAT
  1
GRIDFORMAT_BEGIN
 90
        0
 91
        1
 62
     0
 92
       -2
340
14
 93
        0
 40
1.125
309
GRIDFORMAT_END
 95
        4
302
GRIDFORMAT
  1
GRIDFORMAT_BEGIN
 90
        0
 91
        1
 62
     0
 92
       -2
340
14
 93
        0
 40
1.125
309
GRIDFORMAT_END
 95
        8
302
GRIDFORMAT
  1
GRIDFORMAT_BEGIN
 90
        0
 91
        1
 62
     0
 92
       -2
340
14
 93
        0
 40
1.125
309
GRIDFORMAT_END
 95
       16
302
GRIDFORMAT
  1
GRIDFORMAT_BEGIN
 90
        0
 91
        1
 62
     0
 92
       -2
340
14
 93
        0
 40
1.125
309
GRIDFORMAT_END
 95
       32
302
GRIDFORMAT
  1
GRIDFORMAT_BEGIN
 90
        0
 91
        1
 62
     0
 92
       -2
340
14
 93
        0
 40
1.125
309
GRIDFORMAT_END
309
TABLEFORMAT_END
  1
CELLSTYLE_BEGIN
 90
        2
 91
        1
300
_HEADER
309
CELLSTYLE_END
300
CELLSTYLE
  1
TABLEFORMAT_BEGIN
 90
        5
170
     1
 91
        0
 92
        0
 62
   257
 93
        1
300
CONTENTFORMAT
  1
CONTENTFORMAT_BEGIN
 90
        0
 91
        0
 92
      512
 93
        0
300

 40
0.0
140
1.0
 94
        2
 62
     0
340
11
144
4.5
309
CONTENTFORMAT_END
171
     1
301
MARGIN
  1
CELLMARGIN_BEGIN
 40
1.5
 40
1.5
 40
1.5
 40
1.5
 40
4.5
 40
4.5
309
CELLMARGIN_END
 94
        6
 95
        1
302
GRIDFORMAT
  1
GRIDFORMAT_BEGIN
 90
        0
 91
        1
 62
     0
 92
       -2
340
14
 93
        0
 40
1.125
309
GRIDFORMAT_END
 95
        2
302
GRIDFORMAT
  1
GRIDFORMAT_BEGIN
 90
        0
 91
        1
 62
     0
 92
       -2
340
14
 93
        0
 40
1.125
309
GRIDFORMAT_END
 95
        4
302
GRIDFORMAT
  1
GRIDFORMAT_BEGIN
 90
        0
 91
        1
 62
     0
 92
       -2
340
14
 93
        0
 40
1.125
309
GRIDFORMAT_END
 95
        8
302
GRIDFORMAT
  1
GRIDFORMAT_BEGIN
 90
        0
 91
        1
 62
     0
 92
       -2
340
14
 93
        0
 40
1.125
309
GRIDFORMAT_END
 95
       16
302
GRIDFORMAT
  1
GRIDFORMAT_BEGIN
 90
        0
 91
        1
 62
     0
 92
       -2
340
14
 93
        0
 40
1.125
309
GRIDFORMAT_END
 95
       32
302
GRIDFORMAT
  1
GRIDFORMAT_BEGIN
 90
        0
 91
        1
 62
     0
 92
       -2
340
14
 93
        0
 40
1.125
309
GRIDFORMAT_END
309
TABLEFORMAT_END
  1
CELLSTYLE_BEGIN
 90
        3
 91
        2
300
_DATA
309
CELLSTYLE_END
  0
ENDSEC
  0
SECTION
  2
ACDSDATA
 70
     2
 71
     8
  0
ACDSSCHEMA
 90
        0
  1
AcDb_Thumbnail_Schema
  2
AcDbDs::ID
280
    10
 91
        8
  2
Thumbnail_Data
280
    15
 91
        0
101
ACDSRECORD
 95
        0
 90
        1
  2
AcDbDs::TreatedAsObjectData
280
     1
291
     1
101
ACDSRECORD
 95
        0
 90
        2
  2
AcDbDs::Legacy
280
     1
291
     1
101
ACDSRECORD
  1
AcDbDs::ID
 90
        3
  2
AcDs:Indexable
280
     1
291
     1
101
ACDSRECORD
  1
AcDbDs::ID
 90
        4
  2
AcDbDs::HandleAttribute
280
     7
282
     1
  0
ACDSSCHEMA
 90
        1
  1
AcDbDs::TreatedAsObjectDataSchema
  2
AcDbDs::TreatedAsObjectData
280
     1
 91
        0
  0
ACDSSCHEMA
 90
        2
  1
AcDbDs::LegacySchema
  2
AcDbDs::Legacy
280
     1
 91
        0
  0
ACDSSCHEMA
 90
        3
  1
AcDbDs::IndexedPropertySchema
  2
AcDs:Indexable
280
     1
 91
        0
  0
ACDSSCHEMA
 90
        4
  1
AcDbDs::HandleAttributeSchema
  2
AcDbDs::HandleAttribute
280
     7
 91
        1
284
     1
  0
ACDSRECORD
 90
        0
  2
AcDbDs::ID
280
    10
320
22
  2
Thumbnail_Data
280
    15
 94
      896
310
89504E470D0A1A0A0000000D49484452000001000000009108030000001BE1960600000300504C5445212830FFFFFF2128300000000000000000000000000000000000000000000000000000330000660000990000CC0000FF0033000033330033660033990033CC0033FF0066000066330066660066990066CC0066FF0099
310
000099330099660099990099CC0099FF00CC0000CC3300CC6600CC9900CCCC00CCFF00FF0000FF3300FF6600FF9900FFCC00FFFF3300003300333300663300993300CC3300FF3333003333333333663333993333CC3333FF3366003366333366663366993366CC3366FF3399003399333399663399993399CC3399FF33CC00
310
33CC3333CC6633CC9933CCCC33CCFF33FF0033FF3333FF6633FF9933FFCC33FFFF6600006600336600666600996600CC6600FF6633006633336633666633996633CC6633FF6666006666336666666666996666CC6666FF6699006699336699666699996699CC6699FF66CC0066CC3366CC6666CC9966CCCC66CCFF66FF0066
310
FF3366FF6666FF9966FFCC66FFFF9900009900339900669900999900CC9900FF9933009933339933669933999933CC9933FF9966009966339966669966999966CC9966FF9999009999339999669999999999CC9999FF99CC0099CC3399CC6699CC9999CCCC99CCFF99FF0099FF3399FF6699FF9999FFCC99FFFFCC0000CC00
310
33CC0066CC0099CC00CCCC00FFCC3300CC3333CC3366CC3399CC33CCCC33FFCC6600CC6633CC6666CC6699CC66CCCC66FFCC9900CC9933CC9966CC9999CC99CCCC99FFCCCC00CCCC33CCCC66CCCC99CCCCCCCCCCFFCCFF00CCFF33CCFF66CCFF99CCFFCCCCFFFFFF0000FF0033FF0066FF0099FF00CCFF00FFFF3300FF3333
310
FF3366FF3399FF33CCFF33FFFF6600FF6633FF6666FF6699FF66CCFF66FFFF9900FF9933FF9966FF9999FF99CCFF99FFFFCC00FFCC33FFCC66FFCC99FFCCCCFFCCFFFFFF00FFFF33FFFF66FFFF99FFFFCCFFFFFF0000000D0D0D1A1A1A2828283535354343435050505D5D5D6B6B6B787878868686939393A1A1A1AEAEAEBB
310
BBBBC9C9C9D6D6D6E4E4E4F1F1F1FFFFFF0000000000000000000000000000000000000000000000000000000000002E4550F10000003B4944415478DAEDC13101000000C2A0F54F6D0B2FA0000000000000000000000000000000000000000000000000000000000000000000000000CE06919100016C9A5B1B0000000049
310
454E44AE426082
  0
ENDSEC
  0
EOF
